InvoiceNo,StockCode,Description,Quantity,InvoiceDate,UnitPrice,CustomerID,Country
INV100000,S1045,Clothing - Item 595,17,2023-11-24 04:23:15,1.06,10004,Spain
INV100001,S1027,Clothing - Item 611,28,2024-05-10 21:20:20,12.04,10044,Finland
INV100002,S1080,Home - Item 447,39,2025-04-19 01:44:25,22.8,10065,Norway
INV100003,S1029,Toys - Item 395,37,2024-11-22 10:19:54,45.92,10024,Finland
INV100004,S1065,Home - Item 46,46,2024-11-14 12:15:31,42.89,10055,Germany
INV100005,S1000,Beauty - Item 533,35,2025-06-07 11:24:50,25.42,10087,Sweden
INV100006,S1050,Beauty - Item 373,28,2025-06-05 18:00:20,83.33,10008,Germany
INV100007,S1084,Toys - Item 639,21,2024-07-22 17:29:15,90.64,10084,Spain
INV100008,S1031,Electronics - Item 738,20,2024-09-30 18:52:49,87.71,10064,Finland
INV100009,S1079,Electronics - Item 683,27,2024-02-21 23:05:04,23.78,10041,Ireland
INV100010,S1103,Electronics - Item 714,19,2024-11-15 23:41:45,98.43,10070,Netherlands
INV100011,S1032,Electronics - Item 197,27,2023-09-04 19:58:52,27.08,10085,United Kingdom
INV100012,S1097,Clothing - Item 694,48,2025-02-24 07:07:38,10.6,10022,Sweden
INV100013,S1145,Beauty - Item 309,26,2025-01-05 05:07:11,6.66,10070,Netherlands
INV100014,S1000,Beauty - Item 312,19,2024-12-01 00:45:47,25.42,10026,Netherlands
INV100015,S1110,Toys - Item 805,38,2024-02-19 23:30:54,45.41,10077,Finland
INV100016,S1082,Home - Item 477,29,2025-02-26 18:43:55,63.48,10056,United Kingdom
INV100017,S1054,Electronics - Item 524,31,2025-03-02 18:33:23,94.75,10094,Finland
INV100018,S1043,Home - Item 675,6,2024-12-30 03:09:54,78.08,10036,Germany
INV100019,S1131,Home - Item 680,41,2024-12-10 01:04:50,27.26,10079,Netherlands
INV100020,S1085,Beauty - Item 96,49,2025-05-21 22:13:58,86.1,10030,Norway
INV100021,S1079,Electronics - Item 231,13,2024-05-13 02:57:07,23.78,10018,United Kingdom
INV100022,S1006,Clothing - Item 48,16,2025-04-05 20:32:49,22.71,10060,Spain
INV100023,S1018,Beauty - Item 467,27,2024-07-24 18:55:48,53.38,10080,Denmark
INV100024,S1147,Electronics - Item 200,46,2024-07-18 06:31:23,50.78,10089,Germany
INV100025,S1098,Toys - Item 507,26,2024-11-10 13:29:15,43.67,10031,Netherlands
INV100026,S1037,Electronics - Item 672,45,2025-01-03 04:45:59,30.55,10000,Germany
INV100027,S1027,Clothing - Item 798,28,2023-09-17 22:14:37,12.04,10028,France
INV100028,S1045,Clothing - Item 824,45,2023-11-02 18:38:41,1.06,10066,France
INV100029,S1118,Clothing - Item 52,36,2024-09-04 05:24:17,6.01,10031,Netherlands
INV100030,S1031,Electronics - Item 468,9,2024-09-06 21:55:53,87.71,10059,Germany
INV100031,S1135,Electronics - Item 573,39,2024-12-02 12:42:38,95.77,10040,Norway
INV100032,S1113,Clothing - Item 628,47,2024-09-18 20:06:49,25.73,10064,Finland
INV100033,S1109,Beauty - Item 851,36,2025-02-19 18:14:57,19.83,10057,Spain
INV100034,S1040,Beauty - Item 762,31,2024-03-02 09:03:26,16.13,10057,Spain
INV100035,S1066,Beauty - Item 770,16,2024-05-10 11:13:17,21.97,10081,Spain
INV100036,S1070,Home - Item 785,50,2025-08-09 00:16:56,31.86,10066,France
INV100037,S1124,Electronics - Item 642,16,2025-07-15 15:26:31,17.46,10035,Germany
INV100038,S1112,Clothing - Item 80,46,2025-08-07 06:27:27,28.58,10036,Germany
INV100039,S1060,Electronics - Item 279,22,2024-07-16 22:59:58,13.71,10040,Norway
INV100040,S1138,Home - Item 83,9,2023-10-05 03:23:05,72.12,10019,Denmark
INV100041,S1059,Home - Item 393,45,2024-03-17 10:51:39,76.82,10019,Denmark
INV100042,S1054,Electronics - Item 66,27,2024-08-27 10:34:04,94.75,10052,Norway
INV100043,S1084,Toys - Item 556,30,2023-08-28 17:00:28,90.64,10053,Ireland
INV100044,S1015,Electronics - Item 212,27,2023-10-17 13:36:24,7.29,10049,Denmark
INV100045,S1149,Home - Item 969,45,2025-01-15 17:23:12,16.59,10002,Netherlands
INV100046,S1147,Electronics - Item 390,31,2025-05-22 13:23:10,50.78,10000,Germany
INV100047,S1090,Electronics - Item 306,49,2023-12-30 10:58:24,14.1,10049,Denmark
INV100048,S1107,Electronics - Item 552,48,2024-09-08 03:53:06,86.31,10094,Finland
INV100049,S1139,Home - Item 820,39,2024-10-05 03:31:06,16.32,10028,France
INV100050,S1124,Electronics - Item 225,18,2024-12-15 07:27:34,17.46,10055,Germany
INV100051,S1124,Electronics - Item 30,25,2023-09-23 14:30:51,17.46,10043,United Kingdom
INV100052,S1103,Electronics - Item 742,11,2023-12-26 02:19:52,98.43,10059,Germany
INV100053,S1032,Electronics - Item 638,35,2023-09-15 09:47:02,27.08,10003,Spain
INV100054,S1100,Electronics - Item 607,37,2025-03-09 22:06:15,47.24,10084,Spain
INV100055,S1006,Clothing - Item 86,42,2023-11-20 23:30:51,22.71,10054,Spain
INV100056,S1034,Beauty - Item 888,30,2025-08-08 06:48:58,18.69,10023,Spain
INV100057,S1012,Beauty - Item 267,25,2025-02-10 19:36:32,63.12,10041,Ireland
INV100058,S1054,Electronics - Item 466,21,2025-04-17 02:15:10,94.75,10043,United Kingdom
INV100059,S1097,Clothing - Item 285,49,2024-11-17 07:34:26,10.6,10053,Ireland
INV100060,S1064,Home - Item 855,6,2023-08-18 01:55:10,87.37,10060,Spain
INV100061,S1004,Beauty - Item 768,35,2024-09-14 00:03:26,89.88,10006,Germany
INV100062,S1089,Electronics - Item 230,42,2023-08-28 06:30:19,22.21,10008,Germany
INV100063,S1010,Clothing - Item 773,2,2024-11-16 13:53:35,5.66,10031,Netherlands
INV100064,S1051,Home - Item 860,2,2024-04-10 15:04:28,31.44,10079,Netherlands
INV100065,S1039,Clothing - Item 245,9,2023-11-17 05:02:21,61.29,10060,Spain
INV100066,S1029,Toys - Item 578,14,2024-12-10 19:58:30,45.92,10059,Germany
INV100067,S1065,Home - Item 786,24,2025-05-29 09:23:47,42.89,10021,Denmark
INV100068,S1029,Toys - Item 797,11,2025-01-19 17:23:43,45.92,10039,Norway
INV100069,S1027,Clothing - Item 593,2,2025-07-12 06:11:39,12.04,10039,Norway
INV100070,S1147,Electronics - Item 694,25,2025-03-13 17:47:24,50.78,10050,Netherlands
INV100071,S1050,Beauty - Item 78,38,2025-03-09 13:38:00,83.33,10088,Netherlands
INV100072,S1062,Beauty - Item 105,45,2025-05-20 19:12:43,55.43,10098,Netherlands
INV100073,S1077,Home - Item 871,44,2024-07-18 13:35:25,34.47,10076,France
INV100074,S1030,Home - Item 816,37,2024-07-09 05:00:47,95.43,10005,France
INV100075,S1088,Electronics - Item 546,28,2024-12-31 21:02:46,67.23,10084,Spain
INV100076,S1094,Home - Item 71,33,2024-07-26 06:06:16,78.68,10082,Norway
INV100077,S1087,Beauty - Item 13,27,2024-03-31 06:36:16,24.56,10062,Sweden
INV100078,S1027,Clothing - Item 444,24,2024-09-01 18:34:02,12.04,10081,Spain
INV100079,S1117,Electronics - Item 725,10,2025-05-07 15:16:56,55.48,10055,Germany
INV100080,S1045,Clothing - Item 752,34,2024-04-28 16:07:33,1.06,10083,United Kingdom
INV100081,S1069,Clothing - Item 631,35,2024-11-11 01:32:10,20.91,10099,France
INV100082,S1123,Clothing - Item 477,28,2025-05-23 01:02:28,85.02,10093,Spain
INV100083,S1068,Home - Item 331,16,2024-03-25 03:45:45,73.26,10011,United Kingdom
INV100084,S1071,Beauty - Item 903,29,2025-06-27 18:23:19,99.52,10031,Netherlands
INV100085,S1118,Clothing - Item 584,40,2024-08-21 16:58:07,6.01,10085,United Kingdom
INV100086,S1097,Clothing - Item 345,2,2025-04-12 19:07:20,10.6,10063,Netherlands
INV100087,S1083,Clothing - Item 187,32,2025-07-05 15:06:24,23.67,10027,United Kingdom
INV100088,S1090,Electronics - Item 817,17,2024-12-22 10:55:53,14.1,10043,United Kingdom
INV100089,S1071,Beauty - Item 902,39,2025-02-27 23:06:51,99.52,10089,Germany
INV100090,S1070,Home - Item 570,1,2025-01-04 18:08:38,31.86,10066,France
INV100091,S1048,Clothing - Item 88,16,2024-09-02 06:34:24,92.98,10092,Norway
INV100092,S1104,Home - Item 501,36,2025-04-17 23:46:56,10.74,10097,France
INV100093,S1061,Electronics - Item 708,31,2023-11-02 07:25:36,48.05,10082,Norway
INV100094,S1125,Toys - Item 459,2,2023-08-15 00:14:14,49.08,10011,United Kingdom
INV100095,S1075,Electronics - Item 227,26,2024-03-25 15:28:00,12.98,10088,Netherlands
INV100096,S1062,Beauty - Item 314,43,2024-09-19 12:58:37,55.43,10074,Denmark
INV100097,S1094,Home - Item 485,36,2023-12-21 14:07:39,78.68,10067,Norway
INV100098,S1088,Electronics - Item 436,48,2025-08-12 07:18:29,67.23,10070,Netherlands
INV100099,S1084,Toys - Item 361,45,2024-10-02 17:42:14,90.64,10058,Netherlands
INV100100,S1069,Clothing - Item 314,17,2024-10-25 03:31:28,20.91,10029,Sweden
INV100101,S1030,Home - Item 739,13,2024-06-02 18:51:03,95.43,10040,Norway
INV100102,S1030,Home - Item 761,35,2025-04-14 18:15:33,95.43,10097,France
INV100103,S1047,Home - Item 197,14,2025-01-05 22:23:43,2.93,10094,Finland
INV100104,S1123,Clothing - Item 284,47,2024-01-04 06:59:44,85.02,10075,Spain
INV100105,S1134,Clothing - Item 612,19,2024-03-01 11:41:47,42.88,10012,United Kingdom
INV100106,S1049,Toys - Item 304,15,2024-02-16 14:21:03,87.99,10046,Germany
INV100107,S1045,Clothing - Item 310,1,2024-07-27 13:50:11,1.06,10090,Spain
INV100108,S1136,Clothing - Item 130,18,2024-09-19 09:39:14,99.55,10005,France
INV100109,S1013,Electronics - Item 567,19,2025-01-05 03:10:11,79.42,10089,Germany
INV100110,S1032,Electronics - Item 654,49,2025-07-24 23:16:03,27.08,10062,Sweden
INV100111,S1026,Toys - Item 894,1,2024-12-14 23:34:56,64.46,10073,France
INV100112,S1072,Toys - Item 481,31,2025-05-14 03:05:11,65.34,10056,United Kingdom
INV100113,S1087,Beauty - Item 189,4,2025-05-15 00:30:02,24.56,10032,France
INV100114,S1122,Home - Item 117,5,2024-11-28 13:07:34,92.71,10051,Ireland
INV100115,S1125,Toys - Item 76,37,2024-10-01 23:53:01,49.08,10080,Denmark
INV100116,S1013,Electronics - Item 156,10,2024-06-06 08:25:06,79.42,10072,Ireland
INV100117,S1077,Home - Item 88,16,2024-05-02 13:00:43,34.47,10015,Spain
INV100118,S1142,Home - Item 783,27,2024-01-04 04:32:51,58.34,10077,Finland
INV100119,S1057,Electronics - Item 795,34,2025-03-07 00:34:09,7.85,10048,Germany
INV100120,S1115,Clothing - Item 931,29,2024-06-12 05:48:52,44.87,10038,Germany
INV100121,S1109,Beauty - Item 313,37,2023-09-19 08:17:35,19.83,10079,Netherlands
INV100122,S1015,Electronics - Item 625,48,2023-08-22 02:03:20,7.29,10012,United Kingdom
INV100123,S1053,Beauty - Item 641,14,2023-11-20 11:50:42,87.92,10033,Spain
INV100124,S1020,Home - Item 161,16,2024-03-08 18:31:30,86.22,10022,Sweden
INV100125,S1141,Home - Item 77,11,2024-09-20 01:44:55,96.9,10000,Germany
INV100126,S1104,Home - Item 462,45,2023-10-06 16:24:00,10.74,10076,France
INV100127,S1120,Toys - Item 299,3,2025-05-02 03:34:34,83.77,10029,Sweden
INV100128,S1073,Home - Item 724,19,2025-04-29 09:05:11,44.37,10089,Germany
INV100129,S1116,Toys - Item 73,44,2024-10-06 14:49:11,86.27,10029,Sweden
INV100130,S1067,Clothing - Item 807,41,2024-04-23 13:25:54,54.39,10075,Spain
INV100131,S1050,Beauty - Item 436,8,2023-12-03 00:42:37,83.33,10069,Spain
INV100132,S1057,Electronics - Item 664,10,2024-11-28 22:46:58,7.85,10034,Norway
INV100133,S1036,Electronics - Item 74,4,2024-01-13 19:01:37,87.18,10021,Denmark
INV100134,S1078,Electronics - Item 610,48,2024-07-16 21:31:45,59.24,10072,Ireland
INV100135,S1073,Home - Item 450,8,2024-01-23 16:58:55,44.37,10059,Germany
INV100136,S1077,Home - Item 717,26,2025-06-24 10:41:07,34.47,10034,Norway
INV100137,S1128,Clothing - Item 553,32,2024-09-14 01:06:27,6.8,10056,United Kingdom
INV100138,S1020,Home - Item 613,3,2024-12-29 06:13:19,86.22,10055,Germany
INV100139,S1082,Home - Item 619,17,2024-09-08 12:50:14,63.48,10003,Spain
INV100140,S1023,Home - Item 235,44,2024-02-24 19:31:11,68.49,10073,France
INV100141,S1005,Electronics - Item 784,44,2023-09-15 19:28:11,40.54,10034,Norway
INV100142,S1147,Electronics - Item 42,49,2024-11-25 05:30:30,50.78,10096,Finland
INV100143,S1044,Electronics - Item 482,34,2023-09-04 01:54:53,53.51,10083,United Kingdom
INV100144,S1113,Clothing - Item 939,18,2025-06-13 22:11:49,25.73,10023,Spain
INV100145,S1149,Home - Item 447,41,2024-03-30 00:57:16,16.59,10062,Sweden
INV100146,S1023,Home - Item 482,23,2025-02-26 21:10:13,68.49,10052,Norway
INV100147,S1085,Beauty - Item 329,43,2024-05-22 08:32:26,86.1,10013,Germany
INV100148,S1041,Home - Item 338,27,2024-03-26 13:26:44,76.49,10088,Netherlands
INV100149,S1126,Electronics - Item 296,43,2025-04-13 11:03:10,22.16,10051,Ireland
INV100150,S1140,Electronics - Item 38,30,2024-12-06 11:19:24,30.37,10011,United Kingdom
INV100151,S1080,Home - Item 259,21,2025-06-02 15:47:15,22.8,10014,Spain
INV100152,S1103,Electronics - Item 886,33,2025-02-10 20:29:04,98.43,10000,Germany
INV100153,S1138,Home - Item 474,27,2024-02-01 05:09:49,72.12,10006,Germany
INV100154,S1048,Clothing - Item 531,24,2024-12-02 23:03:09,92.98,10079,Netherlands
INV100155,S1127,Toys - Item 641,29,2024-08-20 12:05:25,40.7,10097,France
INV100156,S1013,Electronics - Item 209,18,2023-11-20 09:03:55,79.42,10070,Netherlands
INV100157,S1033,Toys - Item 950,19,2023-09-19 05:11:51,50.56,10056,United Kingdom
INV100158,S1124,Electronics - Item 125,2,2024-07-27 00:05:01,17.46,10080,Denmark
INV100159,S1061,Electronics - Item 727,11,2024-02-10 18:23:55,48.05,10039,Norway
INV100160,S1141,Home - Item 15,36,2023-12-07 18:15:26,96.9,10052,Norway
INV100161,S1023,Home - Item 231,8,2024-04-22 01:41:42,68.49,10059,Germany
INV100162,S1030,Home - Item 664,10,2024-01-21 23:41:54,95.43,10063,Netherlands
INV100163,S1074,Electronics - Item 522,46,2023-12-19 07:24:01,52.24,10034,Norway
INV100164,S1106,Clothing - Item 855,31,2025-03-01 18:21:45,34.59,10060,Spain
INV100165,S1062,Beauty - Item 468,36,2024-07-01 14:24:45,55.43,10018,United Kingdom
INV100166,S1098,Toys - Item 196,39,2025-04-30 20:16:31,43.67,10065,Norway
INV100167,S1034,Beauty - Item 885,5,2025-06-06 09:56:17,18.69,10035,Germany
INV100168,S1106,Clothing - Item 349,33,2025-05-13 22:47:54,34.59,10034,Norway
INV100169,S1000,Beauty - Item 290,47,2024-12-15 12:30:17,25.42,10038,Germany
INV100170,S1148,Electronics - Item 676,32,2023-11-25 21:41:09,85.42,10019,Denmark
INV100171,S1114,Clothing - Item 552,31,2024-02-05 15:12:28,92.4,10044,Finland
INV100172,S1085,Beauty - Item 566,49,2025-06-25 05:19:50,86.1,10069,Spain
INV100173,S1096,Beauty - Item 467,21,2025-02-01 14:09:53,19.85,10024,Finland
INV100174,S1061,Electronics - Item 586,25,2024-09-24 02:25:16,48.05,10029,Sweden
INV100175,S1105,Clothing - Item 45,21,2024-12-31 19:31:56,40.86,10095,Sweden
INV100176,S1121,Clothing - Item 723,25,2023-09-02 00:39:28,96.93,10049,Denmark
INV100177,S1038,Beauty - Item 508,3,2025-01-06 19:27:11,64.26,10016,Denmark
INV100178,S1128,Clothing - Item 989,38,2025-05-28 15:29:26,6.8,10042,Netherlands
INV100179,S1025,Home - Item 896,29,2024-01-03 03:43:23,27.42,10012,United Kingdom
INV100180,S1134,Clothing - Item 933,30,2024-08-01 21:50:57,42.88,10001,United Kingdom
INV100181,S1036,Electronics - Item 420,42,2025-08-09 14:42:01,87.18,10019,Denmark
INV100182,S1019,Beauty - Item 481,17,2025-03-10 13:58:20,97.14,10043,United Kingdom
INV100183,S1101,Home - Item 666,6,2024-01-10 15:26:49,73.18,10042,Netherlands
INV100184,S1136,Clothing - Item 390,21,2025-03-05 15:44:21,99.55,10080,Denmark
INV100185,S1124,Electronics - Item 894,35,2024-06-13 19:31:53,17.46,10004,Spain
INV100186,S1017,Beauty - Item 241,41,2023-10-06 04:15:38,99.62,10087,Sweden
INV100187,S1073,Home - Item 233,48,2024-10-30 22:15:35,44.37,10011,United Kingdom
INV100188,S1111,Beauty - Item 101,49,2023-10-05 00:50:51,42.77,10081,Spain
INV100189,S1025,Home - Item 455,11,2025-04-24 15:00:21,27.42,10088,Netherlands
INV100190,S1076,Toys - Item 926,2,2024-07-28 19:21:18,23.25,10005,France
INV100191,S1083,Clothing - Item 816,4,2025-05-30 04:43:39,23.67,10037,Sweden
INV100192,S1091,Clothing - Item 384,28,2023-11-27 23:13:33,93.62,10018,United Kingdom
INV100193,S1062,Beauty - Item 544,27,2025-06-02 20:30:47,55.43,10072,Ireland
INV100194,S1046,Home - Item 175,12,2025-04-08 07:12:25,33.09,10010,Sweden
INV100195,S1097,Clothing - Item 635,44,2024-11-29 02:18:28,10.6,10030,Norway
INV100196,S1127,Toys - Item 935,38,2023-12-18 20:45:40,40.7,10018,United Kingdom
INV100197,S1059,Home - Item 473,41,2025-05-15 18:30:17,76.82,10032,France
INV100198,S1117,Electronics - Item 262,43,2025-05-08 04:41:36,55.48,10001,United Kingdom
INV100199,S1119,Home - Item 923,19,2023-11-17 02:10:05,99.93,10086,Norway
INV100200,S1139,Home - Item 162,5,2023-12-09 05:34:16,16.32,10056,United Kingdom
INV100201,S1088,Electronics - Item 602,20,2024-12-13 15:42:36,67.23,10081,Spain
INV100202,S1108,Home - Item 707,17,2024-05-11 03:45:00,25.62,10058,Netherlands
INV100203,S1077,Home - Item 204,25,2025-07-17 02:41:02,34.47,10061,Germany
INV100204,S1027,Clothing - Item 243,25,2025-03-16 16:33:58,12.04,10073,France
INV100205,S1091,Clothing - Item 589,19,2023-10-28 18:40:15,93.62,10089,Germany
INV100206,S1075,Electronics - Item 23,43,2024-10-21 03:41:24,12.98,10050,Netherlands
INV100207,S1070,Home - Item 9,37,2023-11-07 23:31:04,31.86,10087,Sweden
INV100208,S1012,Beauty - Item 933,39,2024-05-24 17:03:09,63.12,10095,Sweden
INV100209,S1127,Toys - Item 853,19,2024-03-20 15:05:40,40.7,10099,France
INV100210,S1058,Clothing - Item 622,23,2023-09-29 21:53:52,76.3,10028,France
INV100211,S1048,Clothing - Item 636,17,2023-11-15 21:53:01,92.98,10086,Norway
INV100212,S1035,Beauty - Item 644,7,2024-11-08 12:11:59,91.35,10080,Denmark
INV100213,S1010,Clothing - Item 317,29,2024-03-18 09:47:27,5.66,10004,Spain
INV100214,S1148,Electronics - Item 374,47,2024-07-19 17:25:52,85.42,10016,Denmark
INV100215,S1023,Home - Item 932,19,2024-04-23 16:25:01,68.49,10041,Ireland
INV100216,S1106,Clothing - Item 180,13,2024-08-04 07:24:06,34.59,10016,Denmark
INV100217,S1138,Home - Item 898,24,2025-01-16 22:06:45,72.12,10067,Norway
INV100218,S1128,Clothing - Item 936,18,2023-11-21 18:59:45,6.8,10021,Denmark
INV100219,S1065,Home - Item 936,31,2024-02-09 11:09:18,42.89,10037,Sweden
INV100220,S1086,Toys - Item 824,8,2025-06-02 02:43:43,8.01,10059,Germany
INV100221,S1019,Beauty - Item 145,49,2024-07-03 04:32:44,97.14,10028,France
INV100222,S1101,Home - Item 991,36,2025-01-10 07:41:03,73.18,10046,Germany
INV100223,S1023,Home - Item 810,26,2024-07-14 08:36:17,68.49,10001,United Kingdom
INV100224,S1067,Clothing - Item 550,8,2024-12-22 13:38:35,54.39,10058,Netherlands
INV100225,S1094,Home - Item 689,48,2024-01-20 16:54:50,78.68,10086,Norway
INV100226,S1067,Clothing - Item 599,25,2025-06-07 16:27:55,54.39,10081,Spain
INV100227,S1095,Beauty - Item 111,44,2025-07-03 03:18:58,80.94,10029,Sweden
INV100228,S1120,Toys - Item 26,40,2024-08-27 01:06:40,83.77,10071,Germany
INV100229,S1083,Clothing - Item 938,40,2025-07-04 10:38:24,23.67,10028,France
INV100230,S1016,Toys - Item 651,30,2024-01-28 19:17:29,38.78,10089,Germany
INV100231,S1077,Home - Item 665,27,2023-09-25 05:46:04,34.47,10014,Spain
INV100232,S1035,Beauty - Item 47,3,2024-09-13 23:53:47,91.35,10038,Germany
INV100233,S1126,Electronics - Item 119,7,2025-04-11 00:56:13,22.16,10030,Norway
INV100234,S1137,Toys - Item 139,25,2024-04-22 07:35:50,56.02,10058,Netherlands
INV100235,S1094,Home - Item 687,48,2023-11-11 07:02:31,78.68,10089,Germany
INV100236,S1138,Home - Item 430,38,2025-04-09 04:15:05,72.12,10095,Sweden
INV100237,S1039,Clothing - Item 907,27,2025-04-06 21:19:57,61.29,10083,United Kingdom
INV100238,S1025,Home - Item 854,32,2024-10-04 15:57:38,27.42,10078,Sweden
INV100239,S1104,Home - Item 962,18,2025-04-21 05:39:18,10.74,10004,Spain
INV100240,S1094,Home - Item 223,29,2024-02-25 22:59:05,78.68,10056,United Kingdom
INV100241,S1060,Electronics - Item 876,24,2024-12-26 10:41:53,13.71,10012,United Kingdom
INV100242,S1094,Home - Item 558,42,2024-12-18 03:08:58,78.68,10045,Denmark
INV100243,S1015,Electronics - Item 408,18,2024-09-29 02:05:43,7.29,10024,Finland
INV100244,S1031,Electronics - Item 972,30,2024-10-06 09:18:16,87.71,10011,United Kingdom
INV100245,S1054,Electronics - Item 658,41,2024-05-16 12:20:25,94.75,10076,France
INV100246,S1005,Electronics - Item 52,22,2024-11-12 09:55:35,40.54,10031,Netherlands
INV100247,S1032,Electronics - Item 806,37,2024-02-21 23:04:02,27.08,10026,Netherlands
INV100248,S1017,Beauty - Item 850,49,2025-02-11 10:30:41,99.62,10070,Netherlands
INV100249,S1053,Beauty - Item 601,14,2023-11-17 16:23:51,87.92,10029,Sweden
INV100250,S1084,Toys - Item 793,10,2025-06-06 02:02:37,90.64,10076,France
INV100251,S1000,Beauty - Item 284,10,2023-09-19 12:26:51,25.42,10016,Denmark
INV100252,S1138,Home - Item 257,12,2024-08-16 05:35:50,72.12,10014,Spain
INV100253,S1006,Clothing - Item 135,1,2025-01-19 12:01:26,22.71,10045,Denmark
INV100254,S1060,Electronics - Item 603,21,2024-03-17 19:00:50,13.71,10002,Netherlands
INV100255,S1044,Electronics - Item 272,4,2024-05-12 03:59:57,53.51,10016,Denmark
INV100256,S1107,Electronics - Item 539,8,2025-03-31 13:02:39,86.31,10095,Sweden
INV100257,S1016,Toys - Item 488,29,2025-08-11 14:01:57,38.78,10099,France
INV100258,S1092,Beauty - Item 526,38,2024-09-13 18:23:54,57.53,10013,Germany
INV100259,S1115,Clothing - Item 516,15,2023-09-01 13:08:00,44.87,10078,Sweden
INV100260,S1011,Beauty - Item 745,43,2025-04-16 04:39:39,11.86,10066,France
INV100261,S1077,Home - Item 470,42,2024-10-31 20:15:36,34.47,10003,Spain
INV100262,S1015,Electronics - Item 491,26,2023-10-28 19:24:56,7.29,10054,Spain
INV100263,S1027,Clothing - Item 503,46,2024-11-10 16:26:03,12.04,10056,United Kingdom
INV100264,S1018,Beauty - Item 921,6,2025-07-31 14:25:34,53.38,10041,Ireland
INV100265,S1037,Electronics - Item 68,9,2024-08-31 08:58:27,30.55,10035,Germany
INV100266,S1149,Home - Item 562,46,2024-12-31 01:31:26,16.59,10041,Ireland
INV100267,S1097,Clothing - Item 612,34,2024-01-04 03:05:30,10.6,10037,Sweden
INV100268,S1116,Toys - Item 518,39,2024-11-24 16:49:26,86.27,10055,Germany
INV100269,S1025,Home - Item 813,45,2024-01-04 07:33:12,27.42,10014,Spain
INV100270,S1141,Home - Item 739,14,2023-09-21 23:21:16,96.9,10055,Germany
INV100271,S1115,Clothing - Item 910,15,2025-07-06 05:59:05,44.87,10052,Norway
INV100272,S1086,Toys - Item 848,30,2024-02-15 03:06:14,8.01,10051,Ireland
INV100273,S1106,Clothing - Item 748,7,2024-09-14 02:35:48,34.59,10040,Norway
INV100274,S1109,Beauty - Item 321,43,2024-01-23 10:35:02,19.83,10032,France
INV100275,S1095,Beauty - Item 977,10,2024-04-04 01:53:21,80.94,10087,Sweden
INV100276,S1121,Clothing - Item 69,6,2025-03-23 13:22:16,96.93,10010,Sweden
INV100277,S1023,Home - Item 443,7,2023-10-26 23:01:13,68.49,10095,Sweden
INV100278,S1095,Beauty - Item 832,9,2024-12-17 20:09:52,80.94,10071,Germany
INV100279,S1015,Electronics - Item 601,36,2024-04-22 12:17:41,7.29,10071,Germany
INV100280,S1084,Toys - Item 687,8,2025-01-13 06:01:17,90.64,10052,Norway
INV100281,S1090,Electronics - Item 895,43,2025-05-27 13:59:03,14.1,10096,Finland
INV100282,S1108,Home - Item 889,47,2024-01-30 17:27:36,25.62,10006,Germany
INV100283,S1073,Home - Item 615,20,2025-05-08 23:11:00,44.37,10045,Denmark
INV100284,S1026,Toys - Item 592,33,2023-09-11 15:11:33,64.46,10027,United Kingdom
INV100285,S1039,Clothing - Item 673,31,2024-07-17 07:51:35,61.29,10028,France
INV100286,S1027,Clothing - Item 359,36,2024-12-21 11:45:48,12.04,10047,Sweden
INV100287,S1029,Toys - Item 781,18,2024-07-20 16:04:14,45.92,10073,France
INV100288,S1057,Electronics - Item 827,28,2024-07-05 10:18:00,7.85,10071,Germany
INV100289,S1142,Home - Item 27,39,2024-06-09 09:58:29,58.34,10084,Spain
INV100290,S1068,Home - Item 30,12,2024-04-21 05:31:10,73.26,10034,Norway
INV100291,S1079,Electronics - Item 944,22,2024-10-31 07:26:30,23.78,10044,Finland
INV100292,S1001,Electronics - Item 186,10,2023-11-12 07:01:29,56.58,10072,Ireland
INV100293,S1102,Home - Item 72,10,2025-01-25 04:18:05,67.66,10094,Finland
INV100294,S1007,Toys - Item 94,48,2024-11-06 23:56:28,99.76,10067,Norway
INV100295,S1055,Beauty - Item 386,27,2025-05-27 02:37:15,9.48,10058,Netherlands
INV100296,S1087,Beauty - Item 162,24,2025-05-12 08:25:55,24.56,10039,Norway
INV100297,S1083,Clothing - Item 796,37,2024-12-01 16:03:19,23.67,10076,France
INV100298,S1021,Home - Item 905,4,2024-08-08 11:55:18,2.14,10019,Denmark
INV100299,S1040,Beauty - Item 773,40,2023-08-14 10:54:58,16.13,10006,Germany
INV100300,S1020,Home - Item 279,29,2024-07-26 17:07:09,86.22,10084,Spain
INV100301,S1108,Home - Item 498,39,2024-12-30 07:46:56,25.62,10056,United Kingdom
INV100302,S1106,Clothing - Item 280,14,2024-09-25 09:19:51,34.59,10096,Finland
INV100303,S1131,Home - Item 117,23,2023-12-08 18:47:21,27.26,10055,Germany
INV100304,S1028,Home - Item 291,44,2025-02-19 06:18:20,44.04,10086,Norway
INV100305,S1124,Electronics - Item 540,43,2024-01-09 05:42:39,17.46,10039,Norway
INV100306,S1011,Beauty - Item 226,26,2024-03-13 17:07:22,11.86,10076,France
INV100307,S1014,Beauty - Item 8,14,2024-03-29 08:25:54,42.79,10038,Germany
INV100308,S1054,Electronics - Item 786,9,2025-01-26 19:55:26,94.75,10097,France
INV100309,S1065,Home - Item 297,21,2024-04-02 14:35:28,42.89,10015,Spain
INV100310,S1001,Electronics - Item 510,48,2025-01-20 14:37:18,56.58,10055,Germany
INV100311,S1044,Electronics - Item 133,25,2025-01-07 19:07:46,53.51,10068,Norway
INV100312,S1058,Clothing - Item 513,36,2025-05-30 11:30:30,76.3,10085,United Kingdom
INV100313,S1090,Electronics - Item 74,26,2023-08-25 03:02:55,14.1,10094,Finland
INV100314,S1010,Clothing - Item 447,2,2024-08-05 06:39:19,5.66,10058,Netherlands
INV100315,S1019,Beauty - Item 883,21,2025-06-11 08:15:03,97.14,10073,France
INV100316,S1109,Beauty - Item 588,26,2023-12-13 12:53:47,19.83,10090,Spain
INV100317,S1106,Clothing - Item 297,8,2025-06-19 17:05:29,34.59,10051,Ireland
INV100318,S1005,Electronics - Item 990,21,2025-05-22 23:31:05,40.54,10021,Denmark
INV100319,S1117,Electronics - Item 852,45,2024-06-24 08:52:01,55.48,10046,Germany
INV100320,S1022,Clothing - Item 448,7,2025-02-03 07:35:55,72.35,10031,Netherlands
INV100321,S1111,Beauty - Item 604,26,2023-09-23 01:20:35,42.77,10067,Norway
INV100322,S1020,Home - Item 406,20,2025-07-17 13:13:25,86.22,10095,Sweden
INV100323,S1086,Toys - Item 227,22,2024-01-05 10:34:48,8.01,10099,France
INV100324,S1043,Home - Item 79,33,2025-08-06 09:52:27,78.08,10081,Spain
INV100325,S1029,Toys - Item 544,33,2025-02-21 12:37:25,45.92,10024,Finland
INV100326,S1089,Electronics - Item 360,47,2025-03-29 15:36:18,22.21,10082,Norway
INV100327,S1037,Electronics - Item 242,7,2024-04-25 19:32:20,30.55,10018,United Kingdom
INV100328,S1065,Home - Item 203,12,2024-11-05 18:12:25,42.89,10077,Finland
INV100329,S1039,Clothing - Item 779,49,2024-04-11 15:42:50,61.29,10083,United Kingdom
INV100330,S1019,Beauty - Item 182,50,2023-08-18 00:16:55,97.14,10080,Denmark
INV100331,S1126,Electronics - Item 476,49,2024-08-21 07:41:52,22.16,10072,Ireland
INV100332,S1148,Electronics - Item 460,44,2024-01-06 02:20:15,85.42,10072,Ireland
INV100333,S1082,Home - Item 885,41,2024-04-08 17:18:12,63.48,10040,Norway
INV100334,S1038,Beauty - Item 451,5,2024-05-21 01:09:18,64.26,10060,Spain
INV100335,S1113,Clothing - Item 647,20,2024-03-17 05:38:29,25.73,10035,Germany
INV100336,S1014,Beauty - Item 361,33,2025-07-02 12:55:40,42.79,10009,Ireland
INV100337,S1079,Electronics - Item 473,29,2025-04-14 21:04:40,23.78,10004,Spain
INV100338,S1014,Beauty - Item 378,19,2023-11-20 02:25:02,42.79,10009,Ireland
INV100339,S1023,Home - Item 630,39,2024-09-01 00:06:44,68.49,10064,Finland
INV100340,S1098,Toys - Item 474,38,2025-01-12 03:32:43,43.67,10070,Netherlands
INV100341,S1010,Clothing - Item 461,37,2025-07-22 02:44:20,5.66,10083,United Kingdom
INV100342,S1048,Clothing - Item 330,39,2024-10-23 06:32:54,92.98,10060,Spain
INV100343,S1128,Clothing - Item 155,4,2025-02-28 03:01:56,6.8,10057,Spain
INV100344,S1026,Toys - Item 831,22,2025-07-27 08:56:41,64.46,10091,Ireland
INV100345,S1021,Home - Item 517,42,2023-11-04 03:44:16,2.14,10022,Sweden
INV100346,S1010,Clothing - Item 254,46,2023-11-06 15:39:57,5.66,10056,United Kingdom
INV100347,S1112,Clothing - Item 537,34,2024-11-12 10:46:05,28.58,10078,Sweden
INV100348,S1040,Beauty - Item 373,24,2023-08-14 12:31:46,16.13,10036,Germany
INV100349,S1099,Clothing - Item 419,50,2025-06-28 04:45:00,42.93,10043,United Kingdom
INV100350,S1013,Electronics - Item 809,41,2024-11-01 19:28:00,79.42,10082,Norway
INV100351,S1085,Beauty - Item 68,22,2024-12-13 10:03:07,86.1,10012,United Kingdom
INV100352,S1142,Home - Item 695,25,2023-11-16 02:00:39,58.34,10036,Germany
INV100353,S1064,Home - Item 742,43,2025-02-14 04:01:29,87.37,10077,Finland
INV100354,S1038,Beauty - Item 342,6,2024-04-19 16:06:57,64.26,10074,Denmark
INV100355,S1036,Electronics - Item 939,23,2024-10-24 11:58:45,87.18,10039,Norway
INV100356,S1100,Electronics - Item 133,39,2024-06-14 10:18:51,47.24,10090,Spain
INV100357,S1021,Home - Item 318,36,2023-10-06 20:32:43,2.14,10048,Germany
INV100358,S1084,Toys - Item 833,9,2024-09-05 06:44:45,90.64,10085,United Kingdom
INV100359,S1134,Clothing - Item 96,42,2024-09-17 14:57:51,42.88,10085,United Kingdom
INV100360,S1108,Home - Item 521,24,2024-06-11 04:14:14,25.62,10002,Netherlands
INV100361,S1092,Beauty - Item 317,12,2024-03-07 00:20:52,57.53,10027,United Kingdom
INV100362,S1087,Beauty - Item 971,50,2025-03-13 14:54:42,24.56,10062,Sweden
INV100363,S1049,Toys - Item 232,9,2023-11-24 22:35:17,87.99,10019,Denmark
INV100364,S1019,Beauty - Item 303,7,2025-07-17 21:49:47,97.14,10064,Finland
INV100365,S1138,Home - Item 856,48,2024-06-14 15:23:13,72.12,10067,Norway
INV100366,S1009,Beauty - Item 678,22,2024-07-13 06:29:46,10.0,10098,Netherlands
INV100367,S1033,Toys - Item 612,25,2024-10-21 17:11:26,50.56,10019,Denmark
INV100368,S1041,Home - Item 186,45,2024-06-16 14:50:13,76.49,10098,Netherlands
INV100369,S1042,Clothing - Item 739,29,2024-12-06 11:45:18,54.4,10005,France
INV100370,S1105,Clothing - Item 374,44,2025-02-05 19:33:10,40.86,10092,Norway
INV100371,S1060,Electronics - Item 993,29,2023-11-27 11:58:08,13.71,10078,Sweden
INV100372,S1072,Toys - Item 771,48,2023-12-24 11:03:31,65.34,10057,Spain
INV100373,S1059,Home - Item 547,16,2023-12-29 15:24:39,76.82,10039,Norway
INV100374,S1120,Toys - Item 926,13,2024-09-17 05:32:43,83.77,10047,Sweden
INV100375,S1146,Home - Item 452,30,2023-10-21 20:24:37,58.83,10098,Netherlands
INV100376,S1072,Toys - Item 797,25,2023-10-05 01:32:49,65.34,10064,Finland
INV100377,S1135,Electronics - Item 429,11,2024-03-05 10:09:46,95.77,10025,Ireland
INV100378,S1035,Beauty - Item 894,17,2023-09-25 03:20:15,91.35,10006,Germany
INV100379,S1123,Clothing - Item 896,24,2023-12-02 04:45:44,85.02,10070,Netherlands
INV100380,S1026,Toys - Item 729,34,2025-06-06 22:25:19,64.46,10015,Spain
INV100381,S1072,Toys - Item 86,49,2023-11-16 01:41:30,65.34,10020,Spain
INV100382,S1069,Clothing - Item 461,33,2024-08-21 06:13:35,20.91,10018,United Kingdom
INV100383,S1111,Beauty - Item 94,15,2025-01-14 16:10:43,42.77,10057,Spain
INV100384,S1089,Electronics - Item 953,2,2024-08-07 11:27:20,22.21,10053,Ireland
INV100385,S1013,Electronics - Item 406,33,2024-02-24 23:16:47,79.42,10047,Sweden
INV100386,S1060,Electronics - Item 396,6,2024-02-24 09:17:14,13.71,10047,Sweden
INV100387,S1057,Electronics - Item 29,21,2023-11-14 21:01:37,7.85,10012,United Kingdom
INV100388,S1085,Beauty - Item 811,10,2023-10-13 03:08:34,86.1,10017,Ireland
INV100389,S1009,Beauty - Item 294,31,2024-09-19 15:51:48,10.0,10089,Germany
INV100390,S1035,Beauty - Item 778,46,2023-08-18 10:11:08,91.35,10060,Spain
INV100391,S1114,Clothing - Item 631,1,2025-01-28 22:00:52,92.4,10010,Sweden
INV100392,S1004,Beauty - Item 263,14,2025-01-07 04:41:47,89.88,10019,Denmark
INV100393,S1140,Electronics - Item 963,47,2024-07-24 14:22:25,30.37,10077,Finland
INV100394,S1135,Electronics - Item 434,8,2023-10-30 22:43:38,95.77,10099,France
INV100395,S1073,Home - Item 244,20,2023-10-25 06:28:41,44.37,10015,Spain
INV100396,S1012,Beauty - Item 245,27,2024-04-18 06:16:14,63.12,10081,Spain
INV100397,S1117,Electronics - Item 65,8,2023-12-12 12:00:21,55.48,10063,Netherlands
INV100398,S1137,Toys - Item 17,41,2024-04-08 15:27:25,56.02,10065,Norway
INV100399,S1147,Electronics - Item 248,46,2023-11-28 05:21:02,50.78,10018,United Kingdom
INV100400,S1074,Electronics - Item 440,1,2023-09-30 14:39:56,52.24,10078,Sweden
INV100401,S1090,Electronics - Item 247,37,2024-07-15 17:51:31,14.1,10053,Ireland
INV100402,S1047,Home - Item 681,43,2024-04-26 16:29:59,2.93,10010,Sweden
INV100403,S1134,Clothing - Item 999,24,2025-04-29 22:08:34,42.88,10008,Germany
INV100404,S1134,Clothing - Item 558,33,2024-04-22 00:05:02,42.88,10064,Finland
INV100405,S1141,Home - Item 21,25,2025-05-13 00:00:55,96.9,10060,Spain
INV100406,S1011,Beauty - Item 651,25,2025-08-08 02:25:17,11.86,10047,Sweden
INV100407,S1064,Home - Item 766,2,2024-11-29 07:58:19,87.37,10045,Denmark
INV100408,S1017,Beauty - Item 354,16,2023-10-30 12:17:27,99.62,10093,Spain
INV100409,S1026,Toys - Item 791,38,2024-09-02 04:39:08,64.46,10094,Finland
INV100410,S1085,Beauty - Item 137,3,2025-06-09 01:17:01,86.1,10045,Denmark
INV100411,S1139,Home - Item 347,42,2025-07-12 01:25:26,16.32,10022,Sweden
INV100412,S1118,Clothing - Item 713,31,2023-08-16 05:00:30,6.01,10080,Denmark
INV100413,S1046,Home - Item 831,9,2024-08-10 10:43:58,33.09,10008,Germany
INV100414,S1117,Electronics - Item 38,19,2025-01-02 09:37:54,55.48,10025,Ireland
INV100415,S1011,Beauty - Item 811,13,2023-08-28 12:51:11,11.86,10005,France
INV100416,S1080,Home - Item 956,20,2025-05-05 02:51:07,22.8,10065,Norway
INV100417,S1101,Home - Item 835,35,2025-07-27 00:17:42,73.18,10060,Spain
INV100418,S1064,Home - Item 38,49,2024-05-12 01:43:49,87.37,10082,Norway
INV100419,S1048,Clothing - Item 293,23,2024-11-29 13:18:35,92.98,10099,France
INV100420,S1012,Beauty - Item 887,42,2025-01-31 00:59:56,63.12,10042,Netherlands
INV100421,S1069,Clothing - Item 128,24,2024-03-12 01:42:48,20.91,10055,Germany
INV100422,S1102,Home - Item 762,29,2025-03-15 02:06:01,67.66,10049,Denmark
INV100423,S1086,Toys - Item 998,12,2023-10-19 22:49:12,8.01,10063,Netherlands
INV100424,S1127,Toys - Item 377,34,2023-11-30 07:25:34,40.7,10034,Norway
INV100425,S1021,Home - Item 745,28,2024-03-28 07:14:29,2.14,10010,Sweden
INV100426,S1110,Toys - Item 617,12,2023-09-16 03:35:10,45.41,10069,Spain
INV100427,S1075,Electronics - Item 329,7,2024-08-16 06:27:55,12.98,10010,Sweden
INV100428,S1083,Clothing - Item 677,19,2025-03-30 22:37:29,23.67,10039,Norway
INV100429,S1114,Clothing - Item 618,46,2024-10-11 16:40:04,92.4,10054,Spain
INV100430,S1042,Clothing - Item 707,29,2025-01-12 23:30:59,54.4,10044,Finland
INV100431,S1114,Clothing - Item 44,47,2024-05-21 13:27:27,92.4,10045,Denmark
INV100432,S1111,Beauty - Item 282,41,2024-10-29 21:01:43,42.77,10007,Denmark
INV100433,S1019,Beauty - Item 688,41,2024-06-23 04:47:40,97.14,10051,Ireland
INV100434,S1093,Electronics - Item 526,48,2024-08-24 16:17:36,47.79,10086,Norway
INV100435,S1040,Beauty - Item 976,2,2024-10-23 07:34:45,16.13,10018,United Kingdom
INV100436,S1112,Clothing - Item 36,9,2024-05-16 00:26:45,28.58,10008,Germany
INV100437,S1060,Electronics - Item 798,42,2024-12-28 20:05:03,13.71,10046,Germany
INV100438,S1092,Beauty - Item 393,37,2025-01-10 21:25:49,57.53,10004,Spain
INV100439,S1039,Clothing - Item 696,29,2024-11-01 21:08:45,61.29,10047,Sweden
INV100440,S1095,Beauty - Item 455,49,2025-04-11 23:47:35,80.94,10009,Ireland
INV100441,S1146,Home - Item 141,34,2023-12-28 03:37:26,58.83,10046,Germany
INV100442,S1101,Home - Item 322,42,2024-04-12 01:12:04,73.18,10035,Germany
INV100443,S1063,Clothing - Item 984,8,2025-02-11 02:31:51,27.24,10003,Spain
INV100444,S1047,Home - Item 512,34,2024-03-23 04:33:09,2.93,10049,Denmark
INV100445,S1143,Beauty - Item 121,17,2024-06-30 11:30:27,54.68,10099,France
INV100446,S1066,Beauty - Item 721,29,2023-10-27 00:01:57,21.97,10027,United Kingdom
INV100447,S1073,Home - Item 711,32,2025-04-10 23:27:51,44.37,10025,Ireland
INV100448,S1031,Electronics - Item 139,5,2025-03-09 14:50:41,87.71,10057,Spain
INV100449,S1044,Electronics - Item 921,46,2025-07-28 22:00:39,53.51,10056,United Kingdom
INV100450,S1022,Clothing - Item 830,44,2023-09-08 12:55:14,72.35,10040,Norway
INV100451,S1088,Electronics - Item 727,5,2024-02-02 01:47:49,67.23,10070,Netherlands
INV100452,S1138,Home - Item 298,20,2024-09-26 11:41:41,72.12,10020,Spain
INV100453,S1044,Electronics - Item 813,24,2025-08-06 13:42:56,53.51,10065,Norway
INV100454,S1057,Electronics - Item 125,13,2025-01-26 10:16:16,7.85,10017,Ireland
INV100455,S1060,Electronics - Item 810,32,2023-12-31 18:46:24,13.71,10003,Spain
INV100456,S1092,Beauty - Item 568,37,2023-11-11 21:47:57,57.53,10047,Sweden
INV100457,S1119,Home - Item 823,36,2024-06-28 11:48:53,99.93,10016,Denmark
INV100458,S1022,Clothing - Item 68,20,2023-12-30 08:57:34,72.35,10050,Netherlands
INV100459,S1122,Home - Item 539,27,2024-04-28 05:35:28,92.71,10098,Netherlands
INV100460,S1104,Home - Item 844,37,2025-07-03 16:29:43,10.74,10009,Ireland
INV100461,S1032,Electronics - Item 996,21,2023-08-23 22:49:40,27.08,10082,Norway
INV100462,S1018,Beauty - Item 461,30,2025-05-24 00:36:59,53.38,10087,Sweden
INV100463,S1132,Home - Item 353,9,2023-08-26 01:28:07,78.62,10099,France
INV100464,S1141,Home - Item 656,38,2025-05-16 09:33:07,96.9,10023,Spain
INV100465,S1033,Toys - Item 444,33,2024-06-29 00:22:22,50.56,10007,Denmark
INV100466,S1031,Electronics - Item 531,10,2025-04-17 05:20:16,87.71,10038,Germany
INV100467,S1042,Clothing - Item 166,21,2025-02-13 07:23:34,54.4,10090,Spain
INV100468,S1057,Electronics - Item 355,34,2024-10-05 11:41:18,7.85,10036,Germany
INV100469,S1020,Home - Item 257,13,2025-03-16 03:23:39,86.22,10081,Spain
INV100470,S1141,Home - Item 282,9,2024-04-05 11:55:29,96.9,10080,Denmark
INV100471,S1077,Home - Item 630,35,2024-07-12 18:44:04,34.47,10011,United Kingdom
INV100472,S1128,Clothing - Item 657,11,2024-08-23 19:39:52,6.8,10075,Spain
INV100473,S1148,Electronics - Item 158,11,2025-03-23 20:28:18,85.42,10084,Spain
INV100474,S1086,Toys - Item 863,37,2025-02-10 01:30:15,8.01,10005,France
INV100475,S1007,Toys - Item 84,3,2024-06-28 12:12:05,99.76,10082,Norway
INV100476,S1147,Electronics - Item 272,42,2025-03-07 01:39:11,50.78,10026,Netherlands
INV100477,S1146,Home - Item 427,40,2024-07-27 02:13:27,58.83,10081,Spain
INV100478,S1007,Toys - Item 510,41,2024-03-29 08:28:43,99.76,10069,Spain
INV100479,S1074,Electronics - Item 658,20,2024-05-30 04:18:44,52.24,10061,Germany
INV100480,S1062,Beauty - Item 825,44,2023-08-18 05:21:22,55.43,10051,Ireland
INV100481,S1076,Toys - Item 465,5,2024-08-26 00:01:17,23.25,10088,Netherlands
INV100482,S1015,Electronics - Item 162,29,2024-09-26 05:43:31,7.29,10053,Ireland
INV100483,S1123,Clothing - Item 476,14,2025-04-05 03:54:20,85.02,10043,United Kingdom
INV100484,S1036,Electronics - Item 321,46,2023-09-24 23:20:56,87.18,10040,Norway
INV100485,S1088,Electronics - Item 999,26,2024-09-18 12:01:43,67.23,10016,Denmark
INV100486,S1094,Home - Item 528,36,2024-06-03 08:08:07,78.68,10013,Germany
INV100487,S1081,Clothing - Item 248,30,2025-01-20 11:01:51,8.03,10015,Spain
INV100488,S1068,Home - Item 461,16,2025-07-04 20:22:20,73.26,10018,United Kingdom
INV100489,S1024,Clothing - Item 52,19,2024-10-08 19:52:00,54.16,10049,Denmark
INV100490,S1107,Electronics - Item 255,11,2023-09-05 05:09:34,86.31,10041,Ireland
INV100491,S1147,Electronics - Item 739,21,2025-06-08 18:48:48,50.78,10024,Finland
INV100492,S1040,Beauty - Item 511,33,2024-03-25 03:07:26,16.13,10059,Germany
INV100493,S1127,Toys - Item 901,20,2024-12-28 05:06:21,40.7,10063,Netherlands
INV100494,S1005,Electronics - Item 93,26,2025-04-20 01:06:58,40.54,10064,Finland
INV100495,S1117,Electronics - Item 990,16,2023-09-21 18:45:06,55.48,10027,United Kingdom
INV100496,S1149,Home - Item 362,4,2024-02-27 15:15:17,16.59,10006,Germany
INV100497,S1072,Toys - Item 507,39,2025-03-14 23:05:22,65.34,10083,United Kingdom
INV100498,S1120,Toys - Item 293,35,2025-02-17 15:46:59,83.77,10001,United Kingdom
INV100499,S1027,Clothing - Item 442,9,2023-08-28 19:48:44,12.04,10033,Spain
INV100500,S1093,Electronics - Item 783,26,2024-05-28 16:29:39,47.79,10046,Germany
INV100501,S1011,Beauty - Item 411,4,2024-12-03 02:37:26,11.86,10072,Ireland
INV100502,S1143,Beauty - Item 200,24,2024-10-06 14:15:56,54.68,10070,Netherlands
INV100503,S1073,Home - Item 76,25,2025-02-13 18:30:56,44.37,10064,Finland
INV100504,S1115,Clothing - Item 783,36,2024-09-27 23:01:10,44.87,10035,Germany
INV100505,S1030,Home - Item 132,7,2024-05-28 18:49:39,95.43,10050,Netherlands
INV100506,S1095,Beauty - Item 814,22,2025-04-02 16:26:41,80.94,10071,Germany
INV100507,S1093,Electronics - Item 774,10,2025-01-16 12:11:12,47.79,10025,Ireland
INV100508,S1130,Toys - Item 412,33,2023-12-09 15:19:40,98.55,10005,France
INV100509,S1011,Beauty - Item 40,9,2024-01-19 08:11:26,11.86,10091,Ireland
INV100510,S1085,Beauty - Item 824,31,2024-03-28 19:58:15,86.1,10066,France
INV100511,S1116,Toys - Item 153,39,2025-07-09 05:35:03,86.27,10065,Norway
INV100512,S1035,Beauty - Item 336,40,2024-04-30 03:59:42,91.35,10040,Norway
INV100513,S1041,Home - Item 403,40,2024-07-02 01:02:36,76.49,10094,Finland
INV100514,S1076,Toys - Item 608,22,2023-12-21 04:34:38,23.25,10064,Finland
INV100515,S1130,Toys - Item 546,32,2025-05-01 11:01:06,98.55,10090,Spain
INV100516,S1144,Toys - Item 307,31,2024-05-31 19:48:35,75.05,10002,Netherlands
INV100517,S1094,Home - Item 340,44,2023-08-24 03:55:53,78.68,10014,Spain
INV100518,S1106,Clothing - Item 598,20,2025-02-13 03:36:39,34.59,10092,Norway
INV100519,S1006,Clothing - Item 612,31,2023-09-05 00:13:34,22.71,10033,Spain
INV100520,S1148,Electronics - Item 592,15,2024-07-24 21:07:57,85.42,10092,Norway
INV100521,S1013,Electronics - Item 598,31,2024-08-10 00:40:43,79.42,10021,Denmark
INV100522,S1134,Clothing - Item 645,47,2024-03-18 21:05:16,42.88,10079,Netherlands
INV100523,S1097,Clothing - Item 152,44,2025-04-20 04:49:28,10.6,10031,Netherlands
INV100524,S1008,Electronics - Item 587,45,2025-04-27 07:35:06,51.44,10014,Spain
INV100525,S1048,Clothing - Item 20,29,2024-11-15 11:05:15,92.98,10040,Norway
INV100526,S1107,Electronics - Item 156,27,2024-08-03 22:27:59,86.31,10088,Netherlands
INV100527,S1052,Beauty - Item 421,33,2024-07-02 17:57:24,6.73,10099,France
INV100528,S1120,Toys - Item 894,48,2023-12-18 14:32:09,83.77,10093,Spain
INV100529,S1015,Electronics - Item 723,9,2025-04-08 18:08:30,7.29,10066,France
INV100530,S1053,Beauty - Item 575,21,2024-08-25 15:19:36,87.92,10084,Spain
INV100531,S1122,Home - Item 539,25,2023-10-03 12:18:47,92.71,10040,Norway
INV100532,S1044,Electronics - Item 471,35,2024-06-05 01:03:17,53.51,10043,United Kingdom
INV100533,S1139,Home - Item 363,44,2024-09-23 09:36:00,16.32,10098,Netherlands
INV100534,S1067,Clothing - Item 625,31,2025-04-17 10:04:04,54.39,10024,Finland
INV100535,S1063,Clothing - Item 286,36,2024-07-24 00:27:25,27.24,10038,Germany
INV100536,S1057,Electronics - Item 965,20,2024-10-06 05:20:56,7.85,10098,Netherlands
INV100537,S1073,Home - Item 722,14,2023-08-14 14:46:13,44.37,10088,Netherlands
INV100538,S1125,Toys - Item 325,31,2025-03-02 10:54:42,49.08,10044,Finland
INV100539,S1143,Beauty - Item 957,47,2025-06-04 03:14:54,54.68,10035,Germany
INV100540,S1073,Home - Item 125,37,2024-06-17 15:59:05,44.37,10086,Norway
INV100541,S1139,Home - Item 389,26,2024-10-22 10:53:44,16.32,10044,Finland
INV100542,S1037,Electronics - Item 298,3,2023-12-08 03:40:24,30.55,10036,Germany
INV100543,S1020,Home - Item 355,29,2025-03-10 17:42:11,86.22,10083,United Kingdom
INV100544,S1065,Home - Item 766,31,2025-01-31 20:25:09,42.89,10027,United Kingdom
INV100545,S1051,Home - Item 848,35,2024-09-02 02:14:30,31.44,10034,Norway
INV100546,S1143,Beauty - Item 713,18,2024-03-10 02:24:26,54.68,10017,Ireland
INV100547,S1027,Clothing - Item 631,48,2024-10-04 10:06:08,12.04,10075,Spain
INV100548,S1061,Electronics - Item 249,4,2025-05-14 11:38:34,48.05,10085,United Kingdom
INV100549,S1135,Electronics - Item 232,41,2024-02-08 18:45:26,95.77,10029,Sweden
INV100550,S1013,Electronics - Item 103,27,2024-02-09 12:42:45,79.42,10042,Netherlands
INV100551,S1120,Toys - Item 103,44,2024-12-26 12:50:40,83.77,10098,Netherlands
INV100552,S1035,Beauty - Item 6,36,2024-02-06 10:19:08,91.35,10020,Spain
INV100553,S1104,Home - Item 669,31,2023-10-15 01:19:17,10.74,10061,Germany
INV100554,S1051,Home - Item 775,19,2025-06-09 02:53:15,31.44,10041,Ireland
INV100555,S1073,Home - Item 662,4,2024-11-24 07:41:36,44.37,10098,Netherlands
INV100556,S1022,Clothing - Item 668,37,2023-11-05 05:30:16,72.35,10029,Sweden
INV100557,S1136,Clothing - Item 757,47,2025-07-02 14:40:53,99.55,10004,Spain
INV100558,S1044,Electronics - Item 428,12,2024-07-20 05:59:26,53.51,10004,Spain
INV100559,S1101,Home - Item 807,32,2025-07-14 17:27:03,73.18,10023,Spain
INV100560,S1074,Electronics - Item 898,3,2025-02-24 05:46:46,52.24,10001,United Kingdom
INV100561,S1076,Toys - Item 582,39,2024-01-01 11:39:09,23.25,10013,Germany
INV100562,S1085,Beauty - Item 292,30,2024-03-15 00:41:22,86.1,10082,Norway
INV100563,S1139,Home - Item 537,32,2025-08-05 00:34:39,16.32,10017,Ireland
INV100564,S1129,Clothing - Item 480,18,2025-06-13 16:34:36,38.52,10024,Finland
INV100565,S1028,Home - Item 339,11,2024-06-13 11:47:40,44.04,10093,Spain
INV100566,S1117,Electronics - Item 664,17,2024-05-25 20:14:07,55.48,10091,Ireland
INV100567,S1047,Home - Item 15,48,2024-10-10 05:07:29,2.93,10043,United Kingdom
INV100568,S1075,Electronics - Item 582,44,2025-03-25 10:37:38,12.98,10096,Finland
INV100569,S1049,Toys - Item 180,40,2024-02-04 08:01:05,87.99,10081,Spain
INV100570,S1103,Electronics - Item 847,28,2024-12-27 10:33:20,98.43,10065,Norway
INV100571,S1083,Clothing - Item 89,26,2023-12-05 03:11:25,23.67,10085,United Kingdom
INV100572,S1024,Clothing - Item 190,9,2025-06-21 07:05:22,54.16,10061,Germany
INV100573,S1082,Home - Item 959,16,2025-05-18 15:19:28,63.48,10000,Germany
INV100574,S1066,Beauty - Item 393,16,2024-05-03 03:25:42,21.97,10057,Spain
INV100575,S1068,Home - Item 977,22,2025-05-17 21:50:23,73.26,10038,Germany
INV100576,S1149,Home - Item 741,37,2024-11-13 21:00:29,16.59,10001,United Kingdom
INV100577,S1066,Beauty - Item 670,24,2024-01-22 14:36:43,21.97,10088,Netherlands
INV100578,S1060,Electronics - Item 64,43,2023-11-08 22:46:14,13.71,10015,Spain
INV100579,S1119,Home - Item 315,11,2024-12-01 07:19:59,99.93,10051,Ireland
INV100580,S1128,Clothing - Item 946,46,2024-02-07 23:43:02,6.8,10098,Netherlands
INV100581,S1079,Electronics - Item 707,8,2024-07-27 21:15:34,23.78,10081,Spain
INV100582,S1075,Electronics - Item 377,40,2024-10-29 17:33:50,12.98,10028,France
INV100583,S1056,Home - Item 981,9,2024-07-06 15:39:33,49.11,10061,Germany
INV100584,S1039,Clothing - Item 466,48,2024-04-08 19:07:16,61.29,10077,Finland
INV100585,S1095,Beauty - Item 426,45,2025-03-14 11:06:26,80.94,10070,Netherlands
INV100586,S1120,Toys - Item 776,35,2025-04-13 23:46:35,83.77,10085,United Kingdom
INV100587,S1055,Beauty - Item 781,16,2024-05-03 18:02:09,9.48,10087,Sweden
INV100588,S1020,Home - Item 539,29,2023-11-17 08:50:21,86.22,10067,Norway
INV100589,S1092,Beauty - Item 80,37,2024-05-27 16:48:55,57.53,10014,Spain
INV100590,S1015,Electronics - Item 849,36,2024-12-16 03:22:55,7.29,10064,Finland
INV100591,S1051,Home - Item 587,35,2024-11-07 15:12:51,31.44,10019,Denmark
INV100592,S1042,Clothing - Item 336,34,2024-01-25 18:25:58,54.4,10056,United Kingdom
INV100593,S1029,Toys - Item 697,14,2023-08-20 01:13:45,45.92,10091,Ireland
INV100594,S1149,Home - Item 501,6,2025-06-16 00:36:38,16.59,10065,Norway
INV100595,S1114,Clothing - Item 829,4,2023-11-06 14:49:54,92.4,10058,Netherlands
INV100596,S1033,Toys - Item 526,27,2025-04-28 10:03:40,50.56,10058,Netherlands
INV100597,S1144,Toys - Item 60,36,2025-02-11 14:01:00,75.05,10059,Germany
INV100598,S1078,Electronics - Item 741,2,2025-07-13 02:25:05,59.24,10050,Netherlands
INV100599,S1065,Home - Item 837,1,2025-07-22 23:45:14,42.89,10095,Sweden
INV100600,S1055,Beauty - Item 593,5,2024-09-02 21:21:58,9.48,10005,France
INV100601,S1108,Home - Item 353,45,2024-09-12 04:03:16,25.62,10008,Germany
INV100602,S1138,Home - Item 62,5,2024-04-25 17:33:17,72.12,10060,Spain
INV100603,S1008,Electronics - Item 294,27,2024-03-26 17:21:56,51.44,10023,Spain
INV100604,S1034,Beauty - Item 785,42,2024-12-25 04:56:11,18.69,10093,Spain
INV100605,S1107,Electronics - Item 384,25,2024-05-19 12:40:48,86.31,10057,Spain
INV100606,S1096,Beauty - Item 385,6,2025-07-27 13:24:45,19.85,10087,Sweden
INV100607,S1138,Home - Item 137,42,2025-05-06 18:47:22,72.12,10044,Finland
INV100608,S1030,Home - Item 183,35,2025-08-09 23:55:43,95.43,10050,Netherlands
INV100609,S1135,Electronics - Item 131,47,2025-08-03 07:55:29,95.77,10028,France
INV100610,S1000,Beauty - Item 775,2,2023-12-06 07:44:16,25.42,10038,Germany
INV100611,S1118,Clothing - Item 690,47,2025-01-20 21:45:44,6.01,10069,Spain
INV100612,S1108,Home - Item 545,25,2025-02-15 16:52:54,25.62,10029,Sweden
INV100613,S1063,Clothing - Item 472,23,2024-03-01 15:17:09,27.24,10019,Denmark
INV100614,S1070,Home - Item 194,47,2024-05-17 14:21:33,31.86,10097,France
INV100615,S1028,Home - Item 33,43,2023-08-17 15:32:41,44.04,10053,Ireland
INV100616,S1004,Beauty - Item 247,14,2024-10-28 21:21:48,89.88,10008,Germany
INV100617,S1025,Home - Item 609,3,2025-04-14 20:42:12,27.42,10057,Spain
INV100618,S1012,Beauty - Item 251,48,2023-10-27 15:35:33,63.12,10005,France
INV100619,S1102,Home - Item 450,15,2024-01-06 17:01:08,67.66,10069,Spain
INV100620,S1055,Beauty - Item 773,50,2023-09-24 10:37:23,9.48,10007,Denmark
INV100621,S1035,Beauty - Item 516,19,2023-09-23 08:47:33,91.35,10029,Sweden
INV100622,S1147,Electronics - Item 327,37,2023-09-16 11:05:52,50.78,10076,France
INV100623,S1082,Home - Item 243,20,2025-06-20 21:46:51,63.48,10018,United Kingdom
INV100624,S1133,Clothing - Item 227,27,2025-04-03 13:32:36,46.05,10038,Germany
INV100625,S1070,Home - Item 63,36,2024-07-20 17:03:16,31.86,10075,Spain
INV100626,S1044,Electronics - Item 642,44,2023-09-09 22:33:02,53.51,10054,Spain
INV100627,S1142,Home - Item 508,4,2025-05-20 08:10:02,58.34,10044,Finland
INV100628,S1097,Clothing - Item 805,34,2024-01-28 13:00:28,10.6,10040,Norway
INV100629,S1106,Clothing - Item 419,10,2024-11-10 16:24:12,34.59,10038,Germany
INV100630,S1096,Beauty - Item 189,49,2024-09-17 09:55:37,19.85,10068,Norway
INV100631,S1121,Clothing - Item 247,15,2024-12-01 08:09:33,96.93,10038,Germany
INV100632,S1036,Electronics - Item 826,30,2025-05-08 10:06:37,87.18,10007,Denmark
INV100633,S1143,Beauty - Item 423,27,2025-03-11 23:55:45,54.68,10071,Germany
INV100634,S1135,Electronics - Item 138,25,2024-08-10 16:58:40,95.77,10031,Netherlands
INV100635,S1065,Home - Item 209,22,2025-07-06 03:12:35,42.89,10082,Norway
INV100636,S1020,Home - Item 945,29,2024-08-18 21:50:17,86.22,10047,Sweden
INV100637,S1023,Home - Item 549,47,2023-09-11 15:58:12,68.49,10024,Finland
INV100638,S1013,Electronics - Item 275,25,2024-06-04 20:05:55,79.42,10086,Norway
INV100639,S1010,Clothing - Item 895,5,2023-12-04 06:52:42,5.66,10024,Finland
INV100640,S1143,Beauty - Item 223,31,2024-03-27 07:59:29,54.68,10026,Netherlands
INV100641,S1085,Beauty - Item 311,1,2023-10-07 06:25:50,86.1,10027,United Kingdom
INV100642,S1048,Clothing - Item 986,48,2025-06-07 01:20:53,92.98,10015,Spain
INV100643,S1122,Home - Item 937,16,2024-09-22 06:03:12,92.71,10089,Germany
INV100644,S1052,Beauty - Item 407,16,2025-02-11 20:41:18,6.73,10070,Netherlands
INV100645,S1082,Home - Item 795,19,2024-01-08 18:41:38,63.48,10048,Germany
INV100646,S1119,Home - Item 547,42,2024-04-13 04:24:10,99.93,10045,Denmark
INV100647,S1078,Electronics - Item 268,24,2025-01-01 12:37:00,59.24,10065,Norway
INV100648,S1127,Toys - Item 478,7,2024-12-07 13:08:24,40.7,10092,Norway
INV100649,S1120,Toys - Item 780,21,2024-01-14 00:25:24,83.77,10026,Netherlands
INV100650,S1094,Home - Item 321,27,2023-10-25 04:10:48,78.68,10005,France
INV100651,S1144,Toys - Item 885,15,2024-06-04 10:31:44,75.05,10094,Finland
INV100652,S1037,Electronics - Item 17,17,2025-05-15 09:26:48,30.55,10070,Netherlands
INV100653,S1149,Home - Item 594,47,2023-10-13 20:44:26,16.59,10053,Ireland
INV100654,S1075,Electronics - Item 157,13,2025-04-20 15:22:17,12.98,10042,Netherlands
INV100655,S1058,Clothing - Item 389,37,2023-09-07 03:42:30,76.3,10031,Netherlands
INV100656,S1127,Toys - Item 564,42,2023-12-22 07:49:05,40.7,10087,Sweden
INV100657,S1086,Toys - Item 264,49,2024-03-29 23:55:23,8.01,10062,Sweden
INV100658,S1125,Toys - Item 472,11,2024-02-01 20:53:06,49.08,10093,Spain
INV100659,S1090,Electronics - Item 174,9,2024-12-03 05:43:01,14.1,10092,Norway
INV100660,S1139,Home - Item 501,12,2025-01-18 14:17:54,16.32,10069,Spain
INV100661,S1015,Electronics - Item 537,3,2025-04-17 19:20:26,7.29,10009,Ireland
INV100662,S1012,Beauty - Item 783,1,2023-08-30 13:44:41,63.12,10052,Norway
INV100663,S1035,Beauty - Item 863,41,2025-03-04 15:52:14,91.35,10029,Sweden
INV100664,S1017,Beauty - Item 725,10,2023-08-25 00:22:21,99.62,10001,United Kingdom
INV100665,S1055,Beauty - Item 518,30,2025-03-27 00:05:38,9.48,10047,Sweden
INV100666,S1015,Electronics - Item 633,41,2025-06-04 03:09:04,7.29,10085,United Kingdom
INV100667,S1123,Clothing - Item 676,32,2025-08-09 15:12:36,85.02,10002,Netherlands
INV100668,S1001,Electronics - Item 545,36,2024-08-21 16:07:33,56.58,10052,Norway
INV100669,S1003,Electronics - Item 18,34,2024-02-29 04:24:56,58.87,10092,Norway
INV100670,S1070,Home - Item 549,19,2024-11-21 17:22:32,31.86,10002,Netherlands
INV100671,S1128,Clothing - Item 833,45,2024-05-07 21:30:54,6.8,10086,Norway
INV100672,S1110,Toys - Item 826,12,2025-03-06 07:45:35,45.41,10013,Germany
INV100673,S1024,Clothing - Item 537,10,2023-08-29 19:32:22,54.16,10030,Norway
INV100674,S1049,Toys - Item 635,34,2024-09-17 03:23:02,87.99,10032,France
INV100675,S1090,Electronics - Item 274,26,2023-11-07 22:51:50,14.1,10010,Sweden
INV100676,S1095,Beauty - Item 983,26,2024-07-13 02:27:00,80.94,10058,Netherlands
INV100677,S1144,Toys - Item 250,45,2025-01-13 19:22:48,75.05,10028,France
INV100678,S1076,Toys - Item 701,6,2025-07-01 20:25:43,23.25,10083,United Kingdom
INV100679,S1008,Electronics - Item 96,26,2024-12-23 11:36:26,51.44,10048,Germany
INV100680,S1096,Beauty - Item 566,31,2025-08-09 01:52:17,19.85,10007,Denmark
INV100681,S1002,Clothing - Item 720,11,2024-03-23 15:03:57,27.01,10010,Sweden
INV100682,S1127,Toys - Item 866,28,2024-08-19 07:05:10,40.7,10082,Norway
INV100683,S1084,Toys - Item 580,7,2024-09-18 04:57:30,90.64,10067,Norway
INV100684,S1010,Clothing - Item 236,14,2024-12-15 18:22:30,5.66,10088,Netherlands
INV100685,S1145,Beauty - Item 487,18,2024-05-12 20:48:30,6.66,10005,France
INV100686,S1019,Beauty - Item 701,18,2024-01-12 09:50:35,97.14,10069,Spain
INV100687,S1144,Toys - Item 674,3,2024-02-17 15:52:12,75.05,10022,Sweden
INV100688,S1080,Home - Item 17,14,2023-11-19 22:47:30,22.8,10075,Spain
INV100689,S1036,Electronics - Item 771,46,2024-01-31 00:49:43,87.18,10050,Netherlands
INV100690,S1019,Beauty - Item 307,11,2024-02-12 06:31:50,97.14,10072,Ireland
INV100691,S1061,Electronics - Item 581,25,2024-08-11 11:23:18,48.05,10086,Norway
INV100692,S1138,Home - Item 340,25,2025-01-21 01:50:40,72.12,10096,Finland
INV100693,S1035,Beauty - Item 810,45,2025-01-10 15:10:20,91.35,10092,Norway
INV100694,S1020,Home - Item 513,48,2024-09-13 07:35:45,86.22,10044,Finland
INV100695,S1013,Electronics - Item 101,28,2024-01-21 22:01:13,79.42,10029,Sweden
INV100696,S1019,Beauty - Item 349,39,2023-11-29 22:26:05,97.14,10098,Netherlands
INV100697,S1101,Home - Item 993,50,2024-11-05 20:33:58,73.18,10041,Ireland
INV100698,S1007,Toys - Item 650,18,2024-01-30 18:21:21,99.76,10057,Spain
INV100699,S1125,Toys - Item 234,23,2024-09-30 08:10:30,49.08,10070,Netherlands
INV100700,S1096,Beauty - Item 443,12,2024-01-01 13:29:03,19.85,10087,Sweden
INV100701,S1149,Home - Item 677,25,2025-04-12 19:15:46,16.59,10010,Sweden
INV100702,S1075,Electronics - Item 818,16,2023-09-21 04:32:51,12.98,10091,Ireland
INV100703,S1018,Beauty - Item 85,18,2023-09-11 08:13:49,53.38,10019,Denmark
INV100704,S1097,Clothing - Item 729,41,2024-12-02 20:32:52,10.6,10019,Denmark
INV100705,S1099,Clothing - Item 325,24,2025-07-10 09:10:39,42.93,10013,Germany
INV100706,S1023,Home - Item 6,20,2024-10-26 23:14:51,68.49,10056,United Kingdom
INV100707,S1092,Beauty - Item 780,18,2024-04-08 02:56:56,57.53,10013,Germany
INV100708,S1033,Toys - Item 90,12,2024-05-05 13:54:32,50.56,10055,Germany
INV100709,S1114,Clothing - Item 571,36,2024-08-06 03:31:16,92.4,10065,Norway
INV100710,S1104,Home - Item 106,2,2025-03-12 09:05:33,10.74,10011,United Kingdom
INV100711,S1090,Electronics - Item 568,6,2025-07-02 00:34:10,14.1,10076,France
INV100712,S1083,Clothing - Item 885,25,2024-10-15 09:25:33,23.67,10001,United Kingdom
INV100713,S1074,Electronics - Item 424,25,2024-08-23 09:00:13,52.24,10099,France
INV100714,S1021,Home - Item 743,36,2024-07-02 09:08:33,2.14,10031,Netherlands
INV100715,S1146,Home - Item 534,11,2024-06-01 11:16:40,58.83,10087,Sweden
INV100716,S1097,Clothing - Item 174,9,2024-10-18 09:50:00,10.6,10034,Norway
INV100717,S1077,Home - Item 275,32,2024-09-15 22:24:48,34.47,10018,United Kingdom
INV100718,S1016,Toys - Item 172,28,2024-07-22 20:44:51,38.78,10035,Germany
INV100719,S1107,Electronics - Item 307,31,2023-12-31 11:56:41,86.31,10009,Ireland
INV100720,S1092,Beauty - Item 258,16,2023-10-13 12:30:28,57.53,10092,Norway
INV100721,S1126,Electronics - Item 609,40,2024-08-27 10:26:13,22.16,10025,Ireland
INV100722,S1117,Electronics - Item 110,9,2024-10-26 15:43:58,55.48,10038,Germany
INV100723,S1001,Electronics - Item 972,26,2024-06-10 08:15:57,56.58,10042,Netherlands
INV100724,S1097,Clothing - Item 824,22,2024-03-26 13:24:40,10.6,10056,United Kingdom
INV100725,S1085,Beauty - Item 441,42,2025-07-24 22:20:35,86.1,10076,France
INV100726,S1034,Beauty - Item 308,21,2025-03-06 15:49:39,18.69,10077,Finland
INV100727,S1051,Home - Item 491,21,2025-03-10 10:36:37,31.44,10022,Sweden
INV100728,S1101,Home - Item 992,21,2024-04-12 09:29:17,73.18,10037,Sweden
INV100729,S1125,Toys - Item 991,37,2024-07-08 11:07:22,49.08,10031,Netherlands
INV100730,S1083,Clothing - Item 386,18,2024-03-26 23:00:56,23.67,10050,Netherlands
INV100731,S1093,Electronics - Item 117,37,2024-12-31 15:25:54,47.79,10025,Ireland
INV100732,S1139,Home - Item 185,44,2025-01-11 14:09:08,16.32,10098,Netherlands
INV100733,S1140,Electronics - Item 28,47,2023-10-06 20:12:30,30.37,10059,Germany
INV100734,S1053,Beauty - Item 449,19,2025-08-09 12:56:40,87.92,10088,Netherlands
INV100735,S1017,Beauty - Item 839,27,2023-11-20 17:21:23,99.62,10086,Norway
INV100736,S1127,Toys - Item 143,41,2025-03-08 11:54:34,40.7,10038,Germany
INV100737,S1061,Electronics - Item 259,43,2024-12-15 23:26:26,48.05,10019,Denmark
INV100738,S1108,Home - Item 809,25,2025-07-03 07:03:45,25.62,10009,Ireland
INV100739,S1114,Clothing - Item 613,31,2023-10-14 06:49:38,92.4,10074,Denmark
INV100740,S1102,Home - Item 548,33,2024-01-20 02:11:46,67.66,10088,Netherlands
INV100741,S1107,Electronics - Item 557,3,2023-12-11 09:21:00,86.31,10046,Germany
INV100742,S1137,Toys - Item 609,41,2023-11-10 16:35:20,56.02,10010,Sweden
INV100743,S1027,Clothing - Item 788,16,2025-03-15 09:38:21,12.04,10084,Spain
INV100744,S1090,Electronics - Item 171,42,2024-08-04 04:54:34,14.1,10078,Sweden
INV100745,S1011,Beauty - Item 577,42,2025-04-21 06:37:54,11.86,10086,Norway
INV100746,S1102,Home - Item 991,49,2025-05-09 18:06:00,67.66,10042,Netherlands
INV100747,S1110,Toys - Item 109,1,2024-02-24 07:12:11,45.41,10012,United Kingdom
INV100748,S1066,Beauty - Item 228,33,2024-01-30 08:06:32,21.97,10095,Sweden
INV100749,S1132,Home - Item 572,38,2024-11-18 11:48:40,78.62,10088,Netherlands
INV100750,S1147,Electronics - Item 227,29,2024-04-30 16:19:22,50.78,10047,Sweden
INV100751,S1100,Electronics - Item 475,50,2024-03-26 07:05:59,47.24,10086,Norway
INV100752,S1128,Clothing - Item 155,23,2023-12-15 09:22:22,6.8,10003,Spain
INV100753,S1123,Clothing - Item 108,19,2023-09-20 22:16:39,85.02,10053,Ireland
INV100754,S1021,Home - Item 119,47,2024-04-20 01:06:12,2.14,10018,United Kingdom
INV100755,S1089,Electronics - Item 320,22,2024-02-05 11:37:53,22.21,10058,Netherlands
INV100756,S1052,Beauty - Item 534,31,2024-11-09 02:45:03,6.73,10044,Finland
INV100757,S1121,Clothing - Item 100,29,2025-03-28 02:38:36,96.93,10092,Norway
INV100758,S1115,Clothing - Item 327,5,2024-03-24 00:39:56,44.87,10038,Germany
INV100759,S1011,Beauty - Item 830,46,2023-12-06 05:18:49,11.86,10014,Spain
INV100760,S1005,Electronics - Item 870,22,2024-07-01 00:26:31,40.54,10082,Norway
INV100761,S1027,Clothing - Item 694,11,2023-09-22 08:29:21,12.04,10094,Finland
INV100762,S1062,Beauty - Item 529,12,2023-09-22 23:57:11,55.43,10070,Netherlands
INV100763,S1040,Beauty - Item 339,36,2024-01-07 05:27:03,16.13,10054,Spain
INV100764,S1118,Clothing - Item 238,26,2023-11-13 18:04:42,6.01,10080,Denmark
INV100765,S1047,Home - Item 191,41,2025-06-24 09:12:10,2.93,10084,Spain
INV100766,S1110,Toys - Item 406,2,2025-02-20 07:18:12,45.41,10094,Finland
INV100767,S1050,Beauty - Item 461,38,2024-01-30 23:56:46,83.33,10054,Spain
INV100768,S1099,Clothing - Item 5,46,2025-06-10 00:41:09,42.93,10027,United Kingdom
INV100769,S1052,Beauty - Item 286,49,2025-07-13 06:15:34,6.73,10090,Spain
INV100770,S1016,Toys - Item 592,7,2023-12-24 13:34:34,38.78,10068,Norway
INV100771,S1047,Home - Item 375,21,2025-02-20 20:42:33,2.93,10025,Ireland
INV100772,S1117,Electronics - Item 117,17,2023-09-13 13:13:58,55.48,10085,United Kingdom
INV100773,S1125,Toys - Item 541,41,2024-10-12 00:45:19,49.08,10040,Norway
INV100774,S1099,Clothing - Item 626,26,2024-08-10 21:27:16,42.93,10075,Spain
INV100775,S1029,Toys - Item 357,23,2025-06-13 11:48:54,45.92,10058,Netherlands
INV100776,S1044,Electronics - Item 834,44,2023-11-03 05:13:07,53.51,10090,Spain
INV100777,S1076,Toys - Item 941,40,2024-04-27 13:34:05,23.25,10075,Spain
INV100778,S1021,Home - Item 689,9,2025-03-24 09:11:02,2.14,10040,Norway
INV100779,S1030,Home - Item 245,20,2024-03-24 16:47:41,95.43,10014,Spain
INV100780,S1046,Home - Item 383,45,2025-06-10 18:31:12,33.09,10018,United Kingdom
INV100781,S1130,Toys - Item 398,27,2024-04-02 09:40:32,98.55,10076,France
INV100782,S1035,Beauty - Item 589,25,2024-08-07 08:52:46,91.35,10054,Spain
INV100783,S1047,Home - Item 499,41,2025-07-13 10:21:51,2.93,10068,Norway
INV100784,S1044,Electronics - Item 569,11,2024-08-12 00:16:47,53.51,10062,Sweden
INV100785,S1073,Home - Item 144,12,2024-07-04 21:10:42,44.37,10040,Norway
INV100786,S1115,Clothing - Item 635,4,2024-09-30 08:07:37,44.87,10045,Denmark
INV100787,S1002,Clothing - Item 497,9,2024-04-02 11:43:27,27.01,10024,Finland
INV100788,S1098,Toys - Item 987,36,2024-09-28 07:24:20,43.67,10064,Finland
INV100789,S1126,Electronics - Item 419,44,2024-05-17 03:45:07,22.16,10062,Sweden
INV100790,S1106,Clothing - Item 728,29,2024-12-09 02:04:51,34.59,10062,Sweden
INV100791,S1042,Clothing - Item 85,37,2025-08-13 13:56:32,54.4,10003,Spain
INV100792,S1056,Home - Item 300,3,2025-01-18 17:44:48,49.11,10035,Germany
INV100793,S1057,Electronics - Item 551,19,2025-07-18 05:49:13,7.85,10021,Denmark
INV100794,S1117,Electronics - Item 580,48,2023-12-11 18:51:29,55.48,10098,Netherlands
INV100795,S1126,Electronics - Item 563,33,2024-05-09 10:26:07,22.16,10014,Spain
INV100796,S1146,Home - Item 117,18,2025-06-30 06:54:20,58.83,10099,France
INV100797,S1139,Home - Item 844,24,2025-07-29 21:31:15,16.32,10069,Spain
INV100798,S1010,Clothing - Item 779,47,2024-03-27 05:57:07,5.66,10056,United Kingdom
INV100799,S1139,Home - Item 224,28,2024-08-28 07:31:23,16.32,10013,Germany
INV100800,S1063,Clothing - Item 305,3,2023-08-20 15:56:12,27.24,10057,Spain
INV100801,S1067,Clothing - Item 357,6,2023-09-15 02:10:13,54.39,10056,United Kingdom
INV100802,S1030,Home - Item 795,16,2023-10-31 07:31:22,95.43,10026,Netherlands
INV100803,S1089,Electronics - Item 882,46,2025-03-05 12:22:49,22.21,10078,Sweden
INV100804,S1109,Beauty - Item 170,40,2024-12-07 07:13:49,19.83,10017,Ireland
INV100805,S1052,Beauty - Item 834,14,2024-05-24 03:58:08,6.73,10007,Denmark
INV100806,S1145,Beauty - Item 360,35,2023-11-20 01:49:00,6.66,10035,Germany
INV100807,S1137,Toys - Item 173,21,2024-12-14 22:45:58,56.02,10090,Spain
INV100808,S1074,Electronics - Item 297,37,2024-05-10 11:37:26,52.24,10034,Norway
INV100809,S1131,Home - Item 922,44,2024-01-17 04:51:22,27.26,10012,United Kingdom
INV100810,S1034,Beauty - Item 986,49,2023-12-21 21:53:17,18.69,10052,Norway
INV100811,S1015,Electronics - Item 284,42,2023-11-05 00:51:33,7.29,10016,Denmark
INV100812,S1033,Toys - Item 256,10,2024-11-14 06:07:22,50.56,10091,Ireland
INV100813,S1082,Home - Item 849,16,2025-07-20 12:20:13,63.48,10097,France
INV100814,S1100,Electronics - Item 502,10,2024-10-26 09:22:36,47.24,10073,France
INV100815,S1068,Home - Item 643,27,2023-09-03 10:53:34,73.26,10048,Germany
INV100816,S1115,Clothing - Item 78,41,2023-11-05 13:35:01,44.87,10098,Netherlands
INV100817,S1023,Home - Item 413,33,2025-06-02 17:36:56,68.49,10095,Sweden
INV100818,S1071,Beauty - Item 712,24,2024-11-08 01:33:46,99.52,10058,Netherlands
INV100819,S1124,Electronics - Item 336,38,2024-04-26 03:34:17,17.46,10000,Germany
INV100820,S1023,Home - Item 749,30,2025-01-21 21:22:41,68.49,10081,Spain
INV100821,S1091,Clothing - Item 871,5,2024-01-23 07:20:31,93.62,10068,Norway
INV100822,S1101,Home - Item 224,28,2025-01-18 07:19:45,73.18,10027,United Kingdom
INV100823,S1126,Electronics - Item 275,21,2024-05-10 06:23:39,22.16,10036,Germany
INV100824,S1086,Toys - Item 561,37,2024-03-08 23:45:30,8.01,10016,Denmark
INV100825,S1144,Toys - Item 873,32,2025-03-19 05:59:23,75.05,10043,United Kingdom
INV100826,S1012,Beauty - Item 48,7,2024-10-16 01:36:16,63.12,10080,Denmark
INV100827,S1117,Electronics - Item 17,8,2025-04-09 19:08:36,55.48,10020,Spain
INV100828,S1112,Clothing - Item 468,1,2025-01-14 20:38:38,28.58,10054,Spain
INV100829,S1051,Home - Item 706,9,2023-09-09 23:45:53,31.44,10083,United Kingdom
INV100830,S1077,Home - Item 163,18,2024-02-28 17:09:48,34.47,10011,United Kingdom
INV100831,S1092,Beauty - Item 257,6,2025-07-06 01:34:15,57.53,10047,Sweden
INV100832,S1042,Clothing - Item 54,26,2024-08-25 14:28:18,54.4,10080,Denmark
INV100833,S1078,Electronics - Item 744,45,2025-02-21 00:08:46,59.24,10096,Finland
INV100834,S1059,Home - Item 440,42,2024-01-13 13:17:17,76.82,10011,United Kingdom
INV100835,S1024,Clothing - Item 2,14,2024-03-06 03:12:16,54.16,10061,Germany
INV100836,S1019,Beauty - Item 136,38,2024-04-05 14:10:27,97.14,10028,France
INV100837,S1132,Home - Item 697,29,2025-01-15 18:10:55,78.62,10001,United Kingdom
INV100838,S1002,Clothing - Item 713,22,2025-08-08 01:25:09,27.01,10015,Spain
INV100839,S1108,Home - Item 711,9,2024-12-26 13:41:08,25.62,10061,Germany
INV100840,S1018,Beauty - Item 235,25,2024-09-02 15:10:15,53.38,10011,United Kingdom
INV100841,S1026,Toys - Item 106,21,2025-03-19 08:15:59,64.46,10047,Sweden
INV100842,S1076,Toys - Item 141,25,2025-07-30 16:41:52,23.25,10099,France
INV100843,S1034,Beauty - Item 657,44,2023-10-24 07:23:09,18.69,10018,United Kingdom
INV100844,S1017,Beauty - Item 544,37,2024-06-28 08:03:29,99.62,10001,United Kingdom
INV100845,S1042,Clothing - Item 451,23,2024-08-13 17:14:06,54.4,10092,Norway
INV100846,S1054,Electronics - Item 644,48,2024-01-26 07:15:43,94.75,10019,Denmark
INV100847,S1105,Clothing - Item 631,44,2023-08-24 06:03:24,40.86,10056,United Kingdom
INV100848,S1055,Beauty - Item 89,7,2025-08-11 17:51:28,9.48,10017,Ireland
INV100849,S1031,Electronics - Item 604,47,2023-11-23 14:37:28,87.71,10049,Denmark
INV100850,S1089,Electronics - Item 987,28,2024-09-08 13:52:10,22.21,10040,Norway
INV100851,S1035,Beauty - Item 254,18,2024-03-14 19:14:58,91.35,10082,Norway
INV100852,S1021,Home - Item 255,36,2023-11-09 20:55:04,2.14,10076,France
INV100853,S1072,Toys - Item 798,45,2024-09-17 10:58:19,65.34,10003,Spain
INV100854,S1077,Home - Item 211,34,2023-09-28 10:42:39,34.47,10077,Finland
INV100855,S1130,Toys - Item 194,48,2024-11-18 20:38:39,98.55,10050,Netherlands
INV100856,S1075,Electronics - Item 662,4,2024-06-18 13:33:07,12.98,10030,Norway
INV100857,S1126,Electronics - Item 396,8,2025-06-16 20:40:41,22.16,10030,Norway
INV100858,S1127,Toys - Item 654,39,2024-04-11 17:38:03,40.7,10009,Ireland
INV100859,S1135,Electronics - Item 911,1,2023-08-15 01:46:08,95.77,10046,Germany
INV100860,S1081,Clothing - Item 136,25,2025-03-24 15:49:45,8.03,10072,Ireland
INV100861,S1107,Electronics - Item 375,35,2023-11-24 22:31:01,86.31,10087,Sweden
INV100862,S1044,Electronics - Item 782,31,2023-11-11 14:07:41,53.51,10098,Netherlands
INV100863,S1018,Beauty - Item 18,38,2023-12-13 22:45:05,53.38,10008,Germany
INV100864,S1003,Electronics - Item 269,14,2024-01-03 19:02:57,58.87,10005,France
INV100865,S1015,Electronics - Item 972,26,2023-11-27 02:31:18,7.29,10064,Finland
INV100866,S1073,Home - Item 644,46,2024-10-14 17:26:08,44.37,10064,Finland
INV100867,S1106,Clothing - Item 434,45,2024-06-25 13:49:46,34.59,10051,Ireland
INV100868,S1021,Home - Item 656,35,2023-08-22 07:13:35,2.14,10068,Norway
INV100869,S1039,Clothing - Item 285,6,2025-02-16 18:01:21,61.29,10039,Norway
INV100870,S1020,Home - Item 524,14,2025-07-29 07:18:09,86.22,10019,Denmark
INV100871,S1137,Toys - Item 335,26,2024-06-26 07:08:03,56.02,10075,Spain
INV100872,S1016,Toys - Item 318,45,2024-06-26 17:05:50,38.78,10055,Germany
INV100873,S1061,Electronics - Item 60,16,2024-04-20 07:23:50,48.05,10011,United Kingdom
INV100874,S1111,Beauty - Item 119,30,2024-11-14 12:49:23,42.77,10078,Sweden
INV100875,S1014,Beauty - Item 317,43,2024-03-08 18:27:15,42.79,10094,Finland
INV100876,S1044,Electronics - Item 123,1,2024-09-06 07:46:01,53.51,10090,Spain
INV100877,S1035,Beauty - Item 719,1,2023-09-04 20:35:37,91.35,10020,Spain
INV100878,S1127,Toys - Item 976,23,2025-01-09 15:40:46,40.7,10066,France
INV100879,S1132,Home - Item 802,47,2025-07-13 10:14:37,78.62,10033,Spain
INV100880,S1042,Clothing - Item 381,9,2023-08-25 02:52:06,54.4,10095,Sweden
INV100881,S1068,Home - Item 751,8,2025-01-18 00:26:00,73.26,10098,Netherlands
INV100882,S1007,Toys - Item 344,28,2024-06-09 23:06:26,99.76,10034,Norway
INV100883,S1134,Clothing - Item 66,17,2023-12-13 08:51:30,42.88,10091,Ireland
INV100884,S1147,Electronics - Item 643,5,2025-03-02 14:36:19,50.78,10063,Netherlands
INV100885,S1116,Toys - Item 524,24,2025-06-28 23:17:27,86.27,10007,Denmark
INV100886,S1127,Toys - Item 880,37,2025-05-05 00:39:16,40.7,10021,Denmark
INV100887,S1094,Home - Item 162,17,2025-07-08 05:34:09,78.68,10098,Netherlands
INV100888,S1026,Toys - Item 916,37,2025-08-05 00:11:01,64.46,10086,Norway
INV100889,S1029,Toys - Item 234,48,2025-02-12 00:48:40,45.92,10065,Norway
INV100890,S1000,Beauty - Item 46,1,2023-10-11 16:45:15,25.42,10031,Netherlands
INV100891,S1011,Beauty - Item 484,24,2025-07-27 02:29:06,11.86,10049,Denmark
INV100892,S1038,Beauty - Item 184,3,2023-09-17 12:38:20,64.26,10070,Netherlands
INV100893,S1107,Electronics - Item 230,21,2023-11-14 04:31:49,86.31,10031,Netherlands
INV100894,S1106,Clothing - Item 938,47,2024-03-07 08:20:27,34.59,10040,Norway
INV100895,S1069,Clothing - Item 846,5,2025-08-07 16:28:41,20.91,10073,France
INV100896,S1095,Beauty - Item 123,33,2023-09-06 20:35:31,80.94,10086,Norway
INV100897,S1013,Electronics - Item 184,15,2025-01-10 07:12:43,79.42,10066,France
INV100898,S1011,Beauty - Item 977,26,2024-08-29 10:57:23,11.86,10008,Germany
INV100899,S1119,Home - Item 887,19,2024-01-12 22:26:58,99.93,10099,France
INV100900,S1079,Electronics - Item 336,6,2025-04-12 18:05:28,23.78,10070,Netherlands
INV100901,S1116,Toys - Item 9,24,2024-10-06 07:10:49,86.27,10025,Ireland
INV100902,S1074,Electronics - Item 578,20,2023-12-08 08:46:25,52.24,10094,Finland
INV100903,S1062,Beauty - Item 476,24,2025-01-06 21:32:19,55.43,10075,Spain
INV100904,S1126,Electronics - Item 792,50,2025-03-13 07:29:18,22.16,10025,Ireland
INV100905,S1139,Home - Item 779,16,2024-10-04 21:18:27,16.32,10019,Denmark
INV100906,S1001,Electronics - Item 955,27,2024-06-03 03:23:21,56.58,10003,Spain
INV100907,S1059,Home - Item 555,23,2024-08-18 12:34:01,76.82,10081,Spain
INV100908,S1002,Clothing - Item 974,22,2024-04-15 13:26:04,27.01,10000,Germany
INV100909,S1096,Beauty - Item 870,48,2025-01-24 23:34:38,19.85,10093,Spain
INV100910,S1078,Electronics - Item 107,14,2025-01-14 07:25:23,59.24,10067,Norway
INV100911,S1060,Electronics - Item 430,32,2024-12-03 03:12:41,13.71,10007,Denmark
INV100912,S1036,Electronics - Item 729,18,2025-01-20 13:39:13,87.18,10011,United Kingdom
INV100913,S1011,Beauty - Item 944,15,2024-08-22 07:28:36,11.86,10066,France
INV100914,S1105,Clothing - Item 718,24,2025-02-16 09:45:33,40.86,10058,Netherlands
INV100915,S1021,Home - Item 595,7,2024-12-27 19:28:55,2.14,10064,Finland
INV100916,S1034,Beauty - Item 653,26,2024-03-31 13:04:24,18.69,10009,Ireland
INV100917,S1145,Beauty - Item 64,28,2023-11-05 19:15:50,6.66,10084,Spain
INV100918,S1033,Toys - Item 243,19,2024-01-05 17:01:12,50.56,10033,Spain
INV100919,S1080,Home - Item 949,26,2023-09-10 18:47:29,22.8,10089,Germany
INV100920,S1083,Clothing - Item 326,29,2024-01-23 03:49:20,23.67,10034,Norway
INV100921,S1059,Home - Item 77,13,2024-10-10 17:02:47,76.82,10017,Ireland
INV100922,S1149,Home - Item 112,10,2025-06-19 03:29:48,16.59,10013,Germany
INV100923,S1042,Clothing - Item 461,30,2024-06-11 14:30:33,54.4,10040,Norway
INV100924,S1104,Home - Item 124,35,2025-07-20 09:16:37,10.74,10045,Denmark
INV100925,S1053,Beauty - Item 463,20,2024-05-09 21:12:47,87.92,10059,Germany
INV100926,S1067,Clothing - Item 873,8,2025-04-09 21:16:59,54.39,10011,United Kingdom
INV100927,S1040,Beauty - Item 827,44,2024-08-08 11:44:00,16.13,10038,Germany
INV100928,S1010,Clothing - Item 221,21,2023-12-24 22:05:30,5.66,10018,United Kingdom
INV100929,S1023,Home - Item 729,16,2025-01-07 22:54:55,68.49,10045,Denmark
INV100930,S1101,Home - Item 526,4,2024-05-23 23:38:32,73.18,10086,Norway
INV100931,S1076,Toys - Item 267,12,2023-11-28 15:20:04,23.25,10003,Spain
INV100932,S1103,Electronics - Item 876,29,2025-06-30 19:54:12,98.43,10071,Germany
INV100933,S1140,Electronics - Item 256,7,2024-03-04 02:44:07,30.37,10059,Germany
INV100934,S1026,Toys - Item 824,9,2025-02-19 22:07:51,64.46,10015,Spain
INV100935,S1003,Electronics - Item 64,50,2024-01-16 23:08:30,58.87,10028,France
INV100936,S1033,Toys - Item 203,26,2025-08-01 05:05:09,50.56,10047,Sweden
INV100937,S1021,Home - Item 597,38,2025-04-24 23:06:34,2.14,10033,Spain
INV100938,S1019,Beauty - Item 23,5,2024-07-12 22:38:57,97.14,10025,Ireland
INV100939,S1113,Clothing - Item 829,9,2025-01-05 00:04:41,25.73,10011,United Kingdom
INV100940,S1084,Toys - Item 126,3,2023-08-14 10:50:30,90.64,10059,Germany
INV100941,S1012,Beauty - Item 173,37,2023-09-17 23:56:53,63.12,10055,Germany
INV100942,S1101,Home - Item 509,2,2024-12-10 07:53:24,73.18,10048,Germany
INV100943,S1109,Beauty - Item 177,23,2023-10-11 08:17:36,19.83,10027,United Kingdom
INV100944,S1047,Home - Item 282,18,2025-07-04 09:26:37,2.93,10057,Spain
INV100945,S1038,Beauty - Item 36,40,2023-08-25 11:27:15,64.26,10079,Netherlands
INV100946,S1062,Beauty - Item 663,19,2025-07-06 09:44:17,55.43,10063,Netherlands
INV100947,S1105,Clothing - Item 904,36,2024-03-16 18:14:21,40.86,10061,Germany
INV100948,S1015,Electronics - Item 90,18,2024-03-17 17:00:12,7.29,10049,Denmark
INV100949,S1035,Beauty - Item 430,13,2024-02-14 04:16:38,91.35,10082,Norway
INV100950,S1134,Clothing - Item 256,41,2024-03-23 15:41:43,42.88,10069,Spain
INV100951,S1004,Beauty - Item 392,46,2024-12-20 01:49:30,89.88,10045,Denmark
INV100952,S1122,Home - Item 558,32,2024-02-07 02:31:50,92.71,10044,Finland
INV100953,S1144,Toys - Item 515,21,2024-10-14 21:59:01,75.05,10049,Denmark
INV100954,S1069,Clothing - Item 185,2,2024-01-11 06:21:51,20.91,10040,Norway
INV100955,S1056,Home - Item 31,50,2025-05-12 09:02:36,49.11,10035,Germany
INV100956,S1014,Beauty - Item 829,31,2024-06-16 00:32:49,42.79,10067,Norway
INV100957,S1091,Clothing - Item 786,38,2024-08-22 02:50:25,93.62,10029,Sweden
INV100958,S1040,Beauty - Item 103,16,2024-07-19 06:26:36,16.13,10084,Spain
INV100959,S1061,Electronics - Item 273,35,2024-07-30 03:47:49,48.05,10094,Finland
INV100960,S1014,Beauty - Item 783,15,2025-01-11 13:25:20,42.79,10073,France
INV100961,S1099,Clothing - Item 364,12,2024-06-19 04:19:37,42.93,10022,Sweden
INV100962,S1060,Electronics - Item 607,21,2024-10-13 15:23:29,13.71,10094,Finland
INV100963,S1091,Clothing - Item 936,38,2024-01-05 06:41:29,93.62,10003,Spain
INV100964,S1090,Electronics - Item 971,37,2025-05-22 18:17:18,14.1,10072,Ireland
INV100965,S1036,Electronics - Item 577,13,2025-03-23 13:55:38,87.18,10063,Netherlands
INV100966,S1138,Home - Item 317,12,2024-07-23 15:01:01,72.12,10062,Sweden
INV100967,S1009,Beauty - Item 93,4,2023-08-14 08:51:30,10.0,10029,Sweden
INV100968,S1056,Home - Item 21,34,2024-05-26 13:04:15,49.11,10061,Germany
INV100969,S1000,Beauty - Item 340,40,2025-05-28 05:25:08,25.42,10025,Ireland
INV100970,S1033,Toys - Item 349,46,2024-06-12 21:55:16,50.56,10022,Sweden
INV100971,S1082,Home - Item 61,2,2024-08-08 02:15:25,63.48,10018,United Kingdom
INV100972,S1036,Electronics - Item 793,8,2024-03-20 19:19:29,87.18,10067,Norway
INV100973,S1093,Electronics - Item 984,5,2025-07-17 01:35:04,47.79,10047,Sweden
INV100974,S1101,Home - Item 601,7,2024-01-21 20:23:04,73.18,10043,United Kingdom
INV100975,S1077,Home - Item 331,9,2023-11-10 20:07:40,34.47,10020,Spain
INV100976,S1111,Beauty - Item 811,41,2025-03-20 23:39:10,42.77,10062,Sweden
INV100977,S1081,Clothing - Item 179,46,2024-12-14 11:04:42,8.03,10071,Germany
INV100978,S1091,Clothing - Item 229,43,2024-07-02 08:06:05,93.62,10075,Spain
INV100979,S1044,Electronics - Item 388,20,2025-05-18 01:08:34,53.51,10093,Spain
INV100980,S1075,Electronics - Item 131,12,2024-11-09 10:05:21,12.98,10093,Spain
INV100981,S1000,Beauty - Item 972,45,2025-03-29 07:03:46,25.42,10073,France
INV100982,S1100,Electronics - Item 872,50,2024-08-12 01:01:52,47.24,10072,Ireland
INV100983,S1008,Electronics - Item 187,39,2024-07-22 14:25:24,51.44,10040,Norway
INV100984,S1056,Home - Item 655,37,2025-05-29 07:42:03,49.11,10013,Germany
INV100985,S1127,Toys - Item 145,22,2025-07-24 02:31:48,40.7,10095,Sweden
INV100986,S1019,Beauty - Item 244,23,2025-04-09 23:09:20,97.14,10040,Norway
INV100987,S1042,Clothing - Item 652,6,2024-06-13 02:28:47,54.4,10090,Spain
INV100988,S1085,Beauty - Item 458,1,2024-12-22 06:14:03,86.1,10033,Spain
INV100989,S1053,Beauty - Item 256,45,2023-11-23 17:37:29,87.92,10008,Germany
INV100990,S1089,Electronics - Item 263,7,2024-05-06 21:19:03,22.21,10092,Norway
INV100991,S1000,Beauty - Item 50,25,2025-04-26 16:43:53,25.42,10056,United Kingdom
INV100992,S1107,Electronics - Item 993,11,2023-08-16 06:16:52,86.31,10052,Norway
INV100993,S1126,Electronics - Item 903,25,2024-07-06 09:53:51,22.16,10044,Finland
INV100994,S1139,Home - Item 385,7,2024-11-05 08:42:28,16.32,10061,Germany
INV100995,S1147,Electronics - Item 667,49,2024-03-21 00:19:37,50.78,10087,Sweden
INV100996,S1057,Electronics - Item 167,29,2025-06-08 09:06:19,7.85,10009,Ireland
INV100997,S1008,Electronics - Item 302,2,2023-12-24 22:44:49,51.44,10040,Norway
INV100998,S1066,Beauty - Item 975,7,2024-06-12 03:12:36,21.97,10009,Ireland
INV100999,S1087,Beauty - Item 175,25,2024-06-08 13:00:19,24.56,10020,Spain
